Symbol,Price,Security,Profit
AAL,1.32,74904,7500
AAME,4.83,04280,9200
AAOI,8.52,56225,7700
AAON,0.86,63260,7500
AAPC,7.15,75781,8400
AAPL,0.75,01954,9700
AAVL,1.62,27023,3200
AAWW,3.17,60641,3100
AAXJ,4.51,64405,8400
ABAC,5.66,36385,7800
ABAX,9.38,85661,3100
ABCB,2.98,21011,1600
ABCD,3.82,04519,7400
ABCO,9.96,68255,5000
ABCW,6.11,64246,2400
ABDC,5.98,42971,1500
ABEO,2.46,09983,8900
ABEOW,0.06,32777,700
ABGB,6.85,97730,9800
ABIO,3.61,47347,6500
ABMD,2.06,05850,7500
ABTL,1.68,55112,2600
ABUS,2.36,18188,300
ABY,9.78,79071,8700
ACAD,9.91,46551,1100
ACAS,8.03,50027,1000
ACAT,6.1,55225,600
ACET,2.36,37184,3200
ACFC,3.75,88478,4000
ACGL,7.31,34392,9900
ACHC,1.99,59887,500
ACHN,8.96,22904,7700
ACIW,2.79,89907,5400
ACLS,1.3,39738,7300
ACNB,5.16,86759,9700
ACOR,3.85,47535,3300
ACPW,4.03,17439,8600
ACRX,9.2,59900,3900
ACSF,5.42,31386,4900
ACST,3.52,57635,8200
ACTA,6.68,80399,100
ACTG,0.72,49193,1400
ACTS,2.77,05811,7500
ACTX,1.48,76416,4600
ACUR,0.18,00541,6700
ACWI,3.84,30897,9100
ACWX,8.04,17570,1400
ACXM,1.25,25562,4200
ADAP,8.75,39706,5200
ADAT,2.68,70309,3800
ADBE,2.43,48001,8500
ADEP,6.38,31491,4800
ADHD,0.01,41214,500
ADI,1.67,87394,1200
ADMA,9.03,71966,9300
ADMP,1.89,59074,1800
ADMS,2.23,57161,6600
ADP,6.63,61610,1800
ADRA,9.64,08528,4800
ADRD,4.88,85597,6400
ADRE,6.11,76627,1100
ADRO,5.95,42567,300
ADRU,1.69,65797,100
ADSK,9.41,20512,3500
ADTN,8.31,29409,3500
ADUS,2.2,54125,900
ADXS,7.21,31254,7800
ADXSW,6.21,04849,6200
AEGN,2.18,04171,6600
AEGR,3.82,65100,6900
AEHR,4.1,39484,1200
AEIS,4.23,79528,9300
AEMD,6.44,86241,3300
AEPI,5.06,09451,4500
AERI,9.74,69934,5600
AETI,0.13,10620,1500
AEY,8.86,19629,5100
AEZS,4.89,50396,5500
AFAM,7.83,74358,300
AFCB,2.29,49053,6800
AFFX,4.39,78824,2000
AFH,5.11,19626,2300
AFMD,5.68,14810,4100
AFOP,3.74,12672,1700
AFSI,2.36,57884,200
AGEN,3.45,21815,1000
AGFS,4.94,25035,7700
AGFSW,1.01,45712,8000
AGII,4.39,56794,3000
AGIIL,1.8,54284,9200
AGIO,9.33,58416,3100
AGNC,8.67,32185,7400
AGNCB,1.28,89242,8400
AGNCP,6.12,36015,3200
AGND,0.95,18820,2200
AGRX,0.2,80914,6900
AGTC,9.53,68410,6300
AGYS,7.73,23401,2000
AGZD,9.99,15670,6500
AHGP,0.39,35009,6900
AHPI,2.34,59744,3500
AIMC,0.9,39668,100
AIMT,5.96,21628,4500
AINV,5.09,86572,9800
AIQ,8.37,85039,5000
AIRM,5.2,22856,400
AIRR,7.69,23090,3500
AIRT,0.56,62942,3100
AIXG,8.77,45566,6500
AKAM,9.65,43009,9900
AKAO,8.41,56988,9500
AKBA,0.97,29326,1700
AKER,4.15,00666,700
AKRX,1.87,71424,2400
ALCO,9.43,93408,3500
ALDR,9.58,05734,7300
ALDX,8.19,43480,4300
ALGN,0.43,41877,200
ALGT,3.72,31811,5400
ALIM,2.3,10485,4900
ALKS,3.0,34320,6400
ALLB,3.35,58737,1300
ALLT,5.38,53066,1300
ALNY,1.15,76405,1500
ALOG,7.53,20749,3500
ALOT,7.29,51205,9600
ALQA,7.17,64990,4000
ALRM,7.95,88267,300
ALSK,2.8,31651,9900
ALTR,5.77,96521,6100
ALTY,6.09,68869,6100
ALXA,4.58,35621,7500
ALXN,1.69,68181,2100
AMAG,2.07,63264,9700
AMAT,7.83,78929,8000
AMBA,1.99,65530,9500
AMBC,4.78,08237,2300
AMBCW,6.05,21808,6400
AMCC,7.05,64154,3000
AMCN,7.13,88391,2600
AMCX,0.82,60492,5100
AMD,9.2,52586,3800
AMDA,8.36,17804,4100
AMED,8.94,55117,3200
AMGN,1.19,70958,2600
AMIC,6.43,76678,9100
AMKR,5.66,45784,3300
AMNB,3.77,70614,6400
AMOT,8.74,50842,8000
AMOV,3.68,64221,9900
AMPH,1.25,91990,1300
AMRB,6.46,21741,7000
AMRI,0.01,73242,800
AMRK,1.24,57858,1800
AMRN,3.75,12940,1800
AMRS,5.78,54427,700
AMSC,3.08,04639,8400
AMSF,1.34,00380,4200
AMSG,5.6,57495,4000
AMSGP,0.28,70188,6500
AMSWA,5.45,08521,4300
AMTX,7.56,06638,6900
AMWD,4.13,45837,9800
AMZN,1.53,12166,8100
ANAC,8.5,19934,4900
ANAD,0.01,14264,8600
ANAT,6.47,79730,2900
ANCB,5.45,59526,1200
ANCI,7.61,63587,2100
ANCX,1.43,18268,3800
ANDE,5.87,60124,7900
ANGI,1.96,57224,9200
ANGO,5.39,65691,1300
ANIK,2.61,58610,4600
ANIP,8.95,44997,3500
ANSS,9.2,95196,3400
ANTH,2.5,33973,300
ANY,5.49,91481,1200
AOSL,0.95,60073,4500
APDN,5.79,55494,6800
APDNW,9.97,43050,7400
APEI,8.53,85145,4100
APIC,9.89,68123,1000
APOG,3.91,68611,800
APOL,5.94,20146,2900
APPF,3.99,96956,4700
APPS,7.91,31118,6100
APPY,5.5,42354,8700
APRI,6.28,81158,9400
APTO,1.43,04322,2200
APWC,1.78,90059,1600
AQMS,5.55,25644,6000
AQXP,6.23,84236,2300
ARAY,4.57,77149,7400
ARCB,2.77,75418,5500
ARCC,9.79,82379,8600
ARCI,8.96,62786,9600
ARCW,4.05,03274,2300
ARDM,0.8,15263,9700
ARDX,0.94,38844,600
AREX,9.3,57073,300
ARGS,9.6,32324,7800
ARIA,4.27,94151,5900
ARII,6.46,37930,5200
ARIS,9.87,11681,600
ARKR,5.36,06070,400
ARLP,4.75,78292,9900
ARMH,4.83,72180,1300
ARNA,7.89,13851,8000
AROW,4.76,37429,1200
ARQL,3.75,21326,5100
ARRS,8.72,87828,5300
ARRY,7.6,62574,2300
ARTNA,1.97,18527,1200
ARTW,2.73,47324,1300
ARTX,2.93,78015,7500
ARWA,9.33,52526,9000
ARWAR,6.68,25172,6100
ARWAU,9.52,45867,800
ARWAW,9.78,23936,2200
ARWR,4.61,10462,5600
ASBB,4.58,77535,5800
ASBI,2.73,25523,1400
ASCMA,9.73,55944,7800
ASEI,6.63,27234,1300
ASFI,5.98,12593,6900
ASMB,5.5,89712,500
ASML,2.09,40446,8200
ASNA,6.17,60795,9400
ASND,9.82,97488,300
ASPS,2.15,98499,6300
ASRV,7.55,91136,6300
ASRVP,5.98,68489,9600
ASTC,8.78,94706,300
ASTE,4.85,55517,1200
ASTI,7.37,58680,1400
ASUR,3.02,87051,1500
ASYS,0.54,97454,1900
ATAI,4.62,72823,4300
ATAX,2.74,27339,6900
ATEC,3.31,34860,5500
ATHN,0.27,78329,6400
ATHX,6.5,47762,9600
ATLC,3.72,15204,7500
ATLO,8.63,82227,7300
ATML,7.4,82209,7600
ATNI,1.4,01025,8900
ATNY,2.78,27481,1400
ATOS,9.87,55568,8500
ATRA,0.15,79934,8500
ATRC,2.36,53548,500
ATRI,3.78,50058,5100
ATRM,5.95,85503,9900
ATRO,1.84,26190,1500
ATRS,9.13,09207,7900
ATSG,1.66,55521,400
ATTU,5.09,11678,3800
ATVI,6.69,07251,1900
AUBN,6.04,45623,8200
AUDC,8.0,33393,8000
AUMA,4.64,47225,4200
AUMAU,2.41,59893,200
AUMAW,2.39,55606,6100
AUPH,5.96,99546,5000
AVAV,2.25,25388,2400
AVEO,2.99,82433,3400
AVGO,4.12,98241,8500
AVGR,8.27,37035,2800
AVHI,0.0,61178,5700
AVID,4.42,91114,7300
AVNU,2.03,38545,8200
AVNW,9.21,66398,4000
AWAY,6.49,65466,5400
AWRE,7.75,66532,6700
AXAS,0.03,34563,4200
AXDX,7.71,53036,3300
AXGN,7.02,57897,7100
AXPW,3.59,83830,3300
AXPWW,2.1,44774,3600
AXTI,1.72,45751,6300
AYA,6.1,95239,3600
AZPN,8.12,36324,9600
BABY,0.64,58568,5200
BAGR,7.15,62532,3500
BAMM,3.77,76973,2300
BANF,1.03,62912,2300
BANFP,0.85,11013,8200
BANR,3.86,90402,5800
BANX,6.12,70763,700
BASI,7.16,94361,1100
BBBY,3.86,48115,4600
BBC,3.16,94653,2800
BBCN,8.16,53127,1900
BBEP,8.17,22096,7400
BBEPP,7.73,79036,7800
BBGI,0.68,54502,4600
BBLU,9.66,94467,3600
BBOX,2.52,73965,6800
BBP,8.62,08593,6300
BBRG,4.95,78067,8600
BBRY,0.05,96157,8100
BBSI,1.37,40140,5200
BCBP,3.98,02148,7500
BCLI,6.94,77574,5300
BCOM,0.58,42957,1300
BCOR,3.89,85397,600
BCOV,1.28,42227,4600
BCPC,6.34,09692,700
BCRX,0.66,97061,4700
BDBD,1.62,51984,9400
BDCV,8.16,80004,5900
BDE,0.91,49028,5100
BDGE,6.7,37014,9300
BDMS,7.9,79405,400
BDSI,7.99,24437,2300
BEAT,0.71,31578,6700
BEAV,7.65,22099,7500
BEBE,8.26,40343,3200
BECN,8.97,12521,500
BELFA,2.28,72900,4400
BELFB,0.16,06998,3900
BFIN,0.21,28829,2400
BGCP,4.53,74724,800
BGFV,2.1,97647,1900
BGMD,1.59,09694,7400
BHAC,6.51,55277,1800
BHACR,8.67,25140,8800
BHACU,8.16,74659,6100
BHACW,7.37,74969,1300
BHBK,3.65,57591,3300
BIB,9.17,77792,3300
BICK,7.37,02113,7800
BIDU,8.4,51453,4200
BIIB,2.54,26398,3000
BIND,3.48,44488,200
BIOC,6.74,75276,7800
BIOD,8.27,25016,8800
BIOL,9.75,68536,600
BIOS,1.31,73943,3000
BIS,0.68,42830,3800
BITI,6.53,06256,4500
BJRI,3.11,86207,5700
BKCC,6.64,90748,8900
BKEP,4.88,75803,8600
BKEPP,1.63,06581,8200
BKMU,1.31,04800,2700
BKSC,5.75,74089,6500
BLBD,7.56,47977,3700
BLCM,6.5,52049,1500
BLDP,9.58,42550,6800
BLDR,1.05,78805,6400
BLFS,2.16,83680,2200
BLIN,9.98,22479,7400
BLKB,8.53,20684,7500
BLMN,4.73,15399,3300
BLMT,5.89,79446,200
BLPH,9.92,45282,6200
BLRX,5.7,21542,9100
BLUE,6.79,04091,9400
BMRC,3.15,94763,8300
BMRN,3.51,70356,5700
BMTC,0.5,67003,7600
BNCL,8.06,45800,5400
BNCN,7.97,11571,3400
BNDX,5.51,52099,1700
BNFT,3.17,57582,2100
BNSO,8.08,75755,3500
BNTC,9.24,45583,4000
BNTCW,7.99,07829,6400
BOBE,4.5,19082,1500
BOCH,3.21,58303,5100
BOFI,0.36,92610,8800
BOJA,1.88,61719,5300
BOKF,8.2,79944,4300
BONA,5.68,59204,300
BONT,7.75,94717,5800
BOOM,4.03,57932,8300
BOSC,7.97,79199,1400
BOTA,8.26,22959,700
BOTJ,7.88,46381,7300
BPFH,8.28,55529,5700
BPFHP,6.14,45013,9100
BPFHW,8.09,73249,7000
BPMC,4.68,67225,4600
BPOP,0.18,60092,8000
BPOPM,0.88,50897,500
BPOPN,2.82,25482,3600
BPTH,1.69,12728,1100
BRCD,1.91,56750,7100
BRCM,2.18,84047,600
BREW,8.76,20006,2900
BRID,6.35,05429,8800
BRKL,1.08,24581,5500
BRKR,9.19,83903,2400
BRKS,7.32,83094,7800
BSET,4.08,24930,2500
BSF,8.77,74722,8500
BSFT,0.91,56209,8500
BSPM,2.22,47220,7300
BSQR,5.02,73294,8100
BSRR,2.43,49308,9500
BSTC,3.46,06550,1500
BUFF,6.22,79361,3700
BUR,8.24,06804,7200
BUSE,7.8,21701,8700
BV,2.45,40769,9200
BVA,1.72,29280,4800
BVSN,5.56,06503,9300
BVXV,9.57,76031,2700
BVXVW,8.9,23176,8600
BWEN,1.01,13070,8500
BWFG,1.73,83396,9200
BWINA,5.43,74007,4300
BWINB,9.58,47256,5200
BWLD,9.02,24333,6300
BYBK,1.86,39676,3500
BYFC,3.83,05615,5000
BYLK,7.78,51889,2400
BZUN,1.72,78398,9000
CA,4.74,10199,8600
CAAS,4.0,45274,4500
CAC,5.6,99564,9400
CACB,7.35,25559,8200
CACC,8.98,64453,3300
CACQ,9.79,21349,6800
CADC,0.0,22079,8800
CADT,2.85,53176,1900
CADTR,2.6,98621,8300
CADTU,5.66,61381,100
CADTW,0.27,43034,6200
CAFD,2.5,04902,500
CAKE,1.41,22699,8900
CALA,3.79,23104,800
CALD,5.31,76215,8500
CALI,6.69,92571,6600
CALL,3.08,55143,9000
CALM,0.39,20081,9300
CAMB,8.69,67296,2000
CAMBU,8.54,84126,8100
CAMBW,1.38,91347,1600
CAMP,6.43,51385,2800
CAMT,4.84,12369,1100
CAPN,0.6,51993,8900
CAPNW,4.98,15526,7600
CAPR,9.67,30818,6800
CAPX,3.79,14012,6700
CAR,1.47,55407,4500
CARA,7.19,94603,4100
CARB,2.82,83738,7800
CARO,2.47,40752,8100
CART,3.06,94809,2100
CARV,2.2,38016,5600
CARZ,1.1,69948,7200
CASH,6.15,85146,7900
CASI,8.99,12995,8700
CASM,7.0,45306,5200
CASS,3.21,68405,1800
CASY,6.49,81240,3200
CATB,7.79,62294,6900
CATM,8.87,79679,500
CATY,5.9,32061,4300
CATYW,8.18,69809,2200
CAVM,5.61,38102,400
CBAK,8.93,01611,600
CBAN,3.14,87190,3200
CBAY,6.09,20726,2600
CBF,9.48,88754,3800
CBFV,0.26,50657,200
CBIO,5.06,90896,4700
CBLI,2.72,30013,5300
CBMG,2.28,12710,5900
CBMX,8.94,66894,4100
CBNJ,1.13,83501,8200
CBNK,0.64,99889,1800
CBOE,2.67,62178,8200
CBPO,4.88,13081,9600
CBRL,0.16,75633,2100
CBSH,5.69,52324,8400
CBSHP,0.13,76395,4200
CBYL,1.5,28563,3300
CCBG,3.02,37669,8700
CCCL,8.91,46601,7200
CCCR,2.73,09153,400
CCD,8.92,24717,6200
CCIH,8.87,81591,6800
CCLP,7.15,73166,8700
CCMP,8.84,69641,2700
CCNE,5.26,03431,8900
CCOI,4.01,09822,3400
CCRN,8.53,52465,8800
CCUR,9.55,04108,3600
CCXI,4.76,02275,8700
CDC,8.49,85619,3600
CDK,9.15,56442,8900
CDL,4.54,44377,9700
CDNA,4.25,23365,2300
CDNS,1.24,95298,3900
CDOR,3.43,06219,5700
CDORO,1.41,46989,3000
CDORP,7.11,42537,5200
CDRB,5.54,81973,9900
CDTI,6.11,62416,5200
CDTX,4.58,22435,3200
CDW,0.68,02481,3600
CDXS,9.72,26954,3200
CDZI,2.18,16696,1600
CECE,4.13,37916,2200
CECO,0.09,26426,4000
CELG,0.46,32375,2200
CELGZ,9.46,32304,1500
CEMI,4.3,50646,4300
CEMP,5.64,80580,6400
CENT,3.04,71448,1600
CENTA,8.57,76631,7200
CENX,3.97,78069,7000
CERE,6.12,54894,9000
CERN,9.82,72245,2100
CERS,3.45,99746,3300
CERU,5.58,04085,6600
CETC,6.92,16439,300
CETV,3.44,00725,1600
CETX,9.38,16156,3300
CEVA,0.73,03636,9400
CFA,7.99,07219,5900
CFBK,1.32,89884,6000
CFFI,8.58,23322,1900
CFFN,5.65,16346,8300
CFGE,9.42,90863,5700
CFMS,0.46,50508,8300
CFNB,1.71,08845,3100
CFNL,2.84,01927,1200
CFO,8.56,86787,7900
CFRX,2.25,56892,1800
CFRXW,1.13,96778,400
CFRXZ,8.74,86736,700
CG,0.23,23976,9100
CGEN,1.68,81816,8500
CGIX,3.34,55289,9400
CGNT,2.79,06274,7900
CGNX,7.39,72321,2500
CGO,8.29,22229,3200
CHCI,9.32,06926,3100
CHCO,3.64,92120,1900
CHDN,0.29,49335,3400
CHEF,4.99,75793,2900
CHEK,8.55,60185,2600
CHEKW,5.38,59683,4700
CHEV,7.46,44025,1600
CHFC,9.27,24356,9500
CHFN,0.21,04535,1100
CHI,0.54,52286,2300
CHKE,7.14,82253,7600
CHKP,2.41,60281,1300
CHLN,2.5,64081,1600
CHMA,8.24,92984,5400
CHMG,9.64,93460,6500
CHNR,1.53,47796,7700
CHOP,4.6,87299,7000
CHRS,6.43,09257,8500
CHRW,8.64,18234,5900
CHSCL,5.32,34785,7100
CHSCM,8.63,33195,3500
CHSCN,0.79,23088,9900
CHSCO,2.0,11956,6200
CHSCP,7.97,60400,300
CHTR,9.34,01753,700
CHUY,0.66,20143,3300
CHW,1.8,36451,3000
CHY,8.16,10309,6700
CIBR,9.68,68809,7500
CID,2.37,40442,5900
CIDM,5.04,18463,6100
CIFC,1.7,13710,6700
CIGI,6.19,70405,3200
CIL,1.94,15789,2800
CINF,6.6,37727,1600
CISG,9.96,92467,8400
CIVB,4.71,81053,300
CIVBP,7.8,43871,5400
CIZ,1.45,00469,1400
CIZN,6.3,75480,6700
CJJD,4.73,34044,9400
CKEC,1.91,83267,9900
CLBH,6.11,98797,3200
CLBS,6.81,67836,8300
CLCD,6.58,56063,9600
CLCT,9.58,66825,5600
CLDN,0.39,19138,4300
CLDX,9.09,93470,4600
CLFD,2.04,07788,2000
CLIR,5.15,07429,2700
CLLS,9.06,79809,6700
CLMS,8.09,07917,2200
CLMT,1.53,84723,5500
CLNE,7.61,27660,8900
CLNT,9.07,70209,6100
CLRB,5.12,28048,7100
CLRBW,7.51,19229,3000
CLRO,3.17,40091,6700
CLRX,7.98,90619,3400
CLSN,3.52,54917,3100
CLTX,9.88,19790,1200
CLUB,8.43,03538,5600
CLVS,9.5,49046,5000
CLWT,7.43,67669,7700
CMCO,5.86,87743,1700
CMCSA,3.17,93066,200
CMCSK,3.5,15157,5900
CMCT,0.14,62638,900
CME,5.67,39271,3900
CMFN,7.18,60848,4500
CMLS,9.41,60787,4900
CMPR,1.51,23018,5600
CMRX,0.43,82049,3600
CMTL,3.33,18457,6700
CNAT,6.92,03651,9400
CNBKA,4.99,52805,3000
CNCE,3.83,79870,8800
CNET,9.97,20196,1300
CNFR,4.44,59178,6400
CNIT,1.08,86038,8500
CNLM,5.03,91828,8200
CNLMR,0.17,23478,3500
CNLMU,1.45,44403,2000
CNLMW,3.77,66419,6500
CNMD,0.43,87702,9500
CNOB,3.17,61525,400
CNSL,0.13,20295,1900
CNTF,0.96,05664,1800
CNTY,1.36,64205,3900
CNV,1.11,77401,4300
CNXR,5.62,51045,7300
CNYD,1.73,21827,6600
COB,7.26,61569,8300
COBZ,1.56,92015,900
COHR,1.04,35935,3300
COHU,9.85,27760,6200
COKE,4.69,64842,200
COLB,3.2,68147,1700
COLL,3.91,46335,4300
COLM,6.38,85681,4200
COMM,2.49,73773,4600
COMT,6.93,72944,5600
CONE,1.14,49769,9100
CONN,2.79,19572,8900
COOL,3.75,84107,8400
CORE,7.0,41504,6900
CORI,5.12,96820,8600
CORT,8.36,41607,9400
COSI,1.71,17036,1700
COST,3.78,07247,7300
COVS,2.16,59995,1300
COWN,6.18,06997,9100
COWNL,1.68,88317,9800
CPAH,8.73,43856,800
CPGI,6.64,69198,6400
CPHC,0.09,68416,2700
CPHD,0.26,06355,6400
CPHR,0.24,49833,7800
CPIX,6.9,79953,2800
CPLA,2.0,10666,8200
CPLP,9.48,91482,8900
CPRT,6.37,94570,9800
CPRX,4.36,04718,1000
CPSH,4.91,16735,7100
CPSI,9.77,04363,8200
CPSS,6.14,01295,6900
CPST,2.66,47994,4700
CPTA,7.4,57061,8700
CPXX,0.81,29036,6600
CRAI,8.55,86425,9800
CRAY,2.43,62604,5200
CRBP,7.04,74215,6000
CRDC,6.1,86774,8700
CRDS,8.61,94779,4700
CRDT,0.68,11884,8000
CREE,6.72,13500,4500
CREG,9.12,08900,9200
CRESY,8.73,48019,4700
CRIS,4.28,59778,4900
CRME,8.23,56075,500
CRMT,2.75,40816,300
CRNT,4.57,23293,4100
CROX,1.5,98246,9600
CRTN,1.79,16609,800
CRTO,3.87,82614,2600
CRUS,4.24,52398,6700
CRVL,8.92,71230,6400
CRWN,9.09,91503,900
CRWS,9.15,70840,5200
CRZO,4.37,25245,6600
CSA,7.11,89248,900
CSAL,2.19,97743,9600
CSB,5.27,31661,5300
CSBK,1.7,94299,1300
CSBR,1.92,20486,3700
CSCD,3.81,50099,7100
CSCO,0.11,28607,7900
CSF,9.23,67592,4200
CSFL,9.85,78421,4000
CSGP,3.64,64161,800
CSGS,0.01,89939,8600
CSII,1.98,86968,1700
CSIQ,3.09,50591,7700
CSOD,3.34,25006,2400
CSPI,2.3,08912,4100
CSQ,9.14,70156,9900
CSTE,5.76,95625,1900
CSUN,9.75,98230,900
CSWC,7.54,20314,6900
CTAS,8.07,79462,7500
CTBI,2.12,77557,2000
CTCM,9.85,70544,3400
CTCT,1.23,17074,900
CTG,7.49,09374,5900
CTHR,0.02,86098,8700
CTIB,3.0,51918,2600
CTIC,5.09,59739,2100
CTRE,3.05,11640,6000
CTRL,3.37,27437,7300
CTRN,3.92,01553,2300
CTRP,2.96,59537,6900
CTRV,7.22,23450,7500
CTSH,3.74,87053,9900
CTSO,2.31,22397,4300
CTWS,7.73,48110,9600
CTXS,6.42,50382,6900
CU,5.05,82830,6000
CUBA,4.56,27246,8700
CUBN,9.98,32501,2300
CUI,7.52,43783,4800
CUNB,1.11,39212,2200
CUR,3.5,77220,4000
CUTR,8.18,33965,7900
CVBF,5.06,20319,1900
CVCO,8.57,07815,8300
CVCY,4.47,63525,5100
CVGI,2.73,54630,8400
CVGW,6.95,46614,5900
CVLT,8.41,44797,4600
CVLY,7.92,00653,4500
CVTI,6.1,42683,9300
CVV,4.1,88378,9700
CWAY,3.16,38471,3200
CWBC,7.5,65744,4600
CWCO,9.75,91583,4000
CWST,6.35,77132,3200
CXDC,6.24,06306,4100
CXRX,4.15,53293,8300
CXSE,5.53,93609,3300
CY,2.0,37208,700
CYAD,3.79,60209,1000
CYAN,5.99,22346,200
CYBE,0.7,15149,4500
CYBR,7.69,54803,4300
CYBX,3.57,56319,7000
CYCC,2.79,12160,500
CYCCP,0.83,15826,700
CYHHZ,0.89,60585,1700
CYNA,6.12,21187,3700
CYNO,9.11,09635,8900
CYOU,8.23,49650,4600
CYRN,6.64,69647,1200
CYRX,6.5,10509,1500
CYRXW,2.36,00935,2700
CYTK,8.55,68199,9100
CYTR,3.5,94963,3900
CYTX,8.37,72196,6200
CZFC,5.49,34075,8000
CZNC,6.31,74811,7900
CZR,2.97,63320,5900
CZWI,8.18,11149,3500
DAEG,8.15,55256,5600
DAIO,5.15,15202,5700
DAKT,6.71,98719,8200
DARA,9.03,53352,2200
DATE,7.85,62499,1300
DAVE,3.86,28943,2000
DAX,4.07,51626,7400
DBVT,2.12,03049,3500
DCIX,3.61,58186,7300
DCOM,6.6,60142,7000
DCTH,0.26,82966,4300
DELT,6.85,74477,6400
DELTW,4.29,93290,2500
DENN,6.08,64642,6100
DEPO,8.39,91188,2600
DERM,3.59,55009,9800
DEST,5.02,39167,5400
DFRG,9.49,73659,4800
DFVL,0.44,86111,9000
DFVS,2.92,20352,3100
DGAS,1.27,59092,7100
DGICA,4.83,21844,6100
DGICB,3.29,29735,9600
DGII,3.33,61920,1600
DGLD,4.51,65485,7600
DGLY,2.52,75043,5400
DGRE,3.58,61319,1300
DGRS,2.99,52902,9000
DGRW,7.32,39584,1400
DHIL,9.0,98240,7100
DHRM,9.24,72252,9300
DHXM,6.57,58752,9400
DIOD,3.92,78397,8000
DISCA,1.86,99586,7600
DISCB,8.25,03050,4900
DISCK,4.18,65649,200
DISH,0.94,71371,1300
DJCO,3.06,48190,5100
DLBL,0.21,82698,3500
DLBS,0.26,92401,9900
DLHC,9.83,60824,1400
DLTR,9.13,39781,5000
DMLP,3.7,24092,8200
DMND,6.84,30733,5400
DMRC,3.43,29245,4700
DNAI,6.44,48997,2400
DNBF,8.8,79073,3600
DNKN,2.08,21061,5900
DORM,1.38,69616,5400
DOX,5.81,03562,6100
DPRX,1.02,70997,2000
DRAD,7.66,74038,5300
DRAM,6.03,04256,7300
DRNA,5.64,07662,9400
DRRX,6.21,21567,9800
DRWI,5.8,55066,4600
DRWIW,7.92,99834,7200
DRYS,3.5,40321,8700
DSCI,1.9,21593,5000
DSCO,0.15,25663,7600
DSGX,3.85,03734,5300
DSKX,6.44,22036,3700
DSKY,1.24,61215,6600
DSLV,5.05,41190,8500
DSPG,7.28,05635,4100
DSWL,6.02,66087,1400
DTEA,3.72,32182,6000
DTLK,3.84,04677,6000
DTSI,6.98,18575,400
DTUL,6.82,89056,6000
DTUS,1.93,64147,6500
DTYL,6.87,46147,9600
DTYS,3.47,02913,6400
DVAX,3.24,55122,3200
DVCR,0.52,82746,9300
DWA,5.47,89167,6100
DWAT,8.48,46724,6400
DWCH,4.29,33941,8900
DWSN,6.48,02266,2600
DXCM,0.04,20273,9700
DXGE,1.9,33540,9300
DXJS,4.98,05498,3000
DXKW,7.87,18474,2900
DXLG,2.14,85706,1500
DXM,7.84,89899,7500
DXPE,7.99,87106,4700
DXPS,5.21,31367,400
DXYN,2.43,14996,3700
DYAX,1.25,67543,8500
DYNT,5.52,93544,1000
DYSL,4.51,62056,9000
EA,0.55,38866,2600
EAC,2.08,45954,9300
EACQU,5.46,41983,4900
EARS,7.33,72371,400
EBAY,2.71,55902,7000
EBIO,9.29,91488,1100
EBIX,5.19,43121,9600
EBMT,2.44,78308,9000
EBSB,9.82,38632,5100
EBTC,9.05,56305,9000
ECACU,9.41,07409,1400
ECHO,5.5,14084,5500
ECOL,5.9,63217,1400
ECPG,0.43,87251,4500
ECTE,9.7,94741,1800
ECYT,0.68,93831,5200
EDAP,9.35,47157,1400
EDGW,4.45,63704,500
EDUC,6.22,95237,2400
EEFT,9.3,57320,1600
EEI,8.32,61740,7000
EEMA,7.9,46811,4100
EEML,7.73,09166,3700
EFII,4.8,20682,8100
EFOI,5.03,76153,8600
EFSC,0.49,25044,5600
EFUT,5.68,71990,7600
EGAN,9.77,99253,6500
EGBN,0.86,42179,5800
EGHT,7.92,37830,5600
EGLE,7.18,26106,5500
EGLT,3.44,95644,2300
EGOV,0.84,76770,8100
EGRX,2.44,56324,8000
EGT,5.56,05540,8900
EHTH,4.1,96125,1200
EIGI,6.21,22471,800
ELEC,9.84,21177,6800
ELECU,1.02,63332,5800
ELECW,7.1,47243,100
ELGX,5.04,51614,6200
ELNK,6.3,15748,1500
ELON,3.37,50985,7700
ELOS,1.85,32527,8900
ELRC,4.35,26568,400
ELSE,0.81,75309,8600
ELTK,3.43,10163,6000
EMCB,5.43,64420,200
EMCF,3.08,07032,1900
EMCG,6.1,72066,7000
EMCI,2.13,33651,6900
EMIF,6.28,64039,2400
EMITF,8.62,10882,4100
EMKR,1.73,97525,2700
EML,6.12,86287,6200
EMMS,1.04,80388,2800
EMMSP,9.5,91170,5300
ENDP,8.91,11327,3400
ENFC,3.62,32115,6400
ENG,4.88,84853,7000
ENOC,9.94,22879,8700
ENPH,8.19,22255,4800
ENSG,8.69,58897,4500
ENT,3.21,53061,1000
ENTA,1.57,92198,7800
ENTG,9.78,73408,5100
ENTL,5.64,25014,1900
ENVI,9.04,89930,5000
ENZN,4.17,55486,2600
ENZY,5.86,91785,3000
EPAX,3.54,30073,1100
EPAY,8.37,57013,7600
EPIQ,4.57,54249,300
EPIX,1.98,24918,9600
EPRS,2.72,30322,7900
EPZM,7.98,94850,600
EQFN,0.98,92155,5200
EQIX,6.43,47261,1800
ERI,6.13,63085,3300
ERIC,0.48,93372,3100
ERIE,2.94,17111,5900
ERII,6.41,98947,3600
EROC,9.96,26011,9700
ERS,0.48,74822,3900
ERW,9.72,86166,9900
ESBK,9.37,96832,7800
ESCA,5.87,06882,9800
ESCR,8.79,95610,8400
ESCRP,2.87,89731,3700
ESEA,5.38,68552,7300
ESES,8.51,91967,3100
ESGR,9.0,24435,4700
ESIO,0.25,24810,6600
ESLT,2.44,10305,2900
ESMC,7.69,94367,5200
ESND,8.27,51592,9000
ESPR,8.12,83679,9100
ESRX,9.81,89602,7900
ESSA,0.24,70883,4300
ESSX,1.87,00404,8000
ESXB,7.9,79222,6600
ETFC,4.01,65868,5700
ETRM,8.56,29833,9000
ETSY,3.97,90534,1600
EUFN,5.66,93644,8000
EVAR,9.48,74495,3700
EVBS,0.87,42951,6600
EVEP,7.05,41322,900
EVK,0.39,64304,3600
EVLV,3.71,76339,2300
EVOK,0.02,82089,6400
EVOL,0.03,23008,8700
EWBC,2.72,61541,8500
EXA,7.93,31812,4500
EXAC,5.53,49224,1000
EXAS,8.9,52396,3900
EXEL,0.45,60730,200
EXFO,7.81,66593,7800
EXLP,1.32,14016,6100
EXLS,3.69,55290,7400
EXPD,5.49,79088,4100
EXPE,9.61,67751,7000
EXPO,0.14,95334,2600
EXTR,7.43,12157,6900
EXXI,6.81,32336,2600
EYEG,8.37,07742,5300
EYEGW,5.81,14298,2400
EYES,2.17,94947,4300
EZCH,1.98,08561,8500
EZPW,6.82,35447,2200
FALC,2.1,32493,4400
FANG,5.03,36388,8500
FARM,3.59,94238,8800
FARO,8.03,91794,900
FAST,5.95,44663,2500
FATE,5.71,99184,9400
FB,5.87,37542,3000
FBIO,0.29,70130,100
FBIZ,7.14,48268,3400
FBMS,7.33,17751,2500
FBNC,5.74,45970,2200
FBNK,3.43,74300,1400
FBRC,1.14,83664,5800
FBSS,5.0,16801,4500
FBZ,0.14,91885,8700
FCA,5.56,09384,1600
FCAN,4.86,01843,7900
FCAP,2.64,98867,7700
FCBC,4.93,59019,1400
FCCO,5.49,84771,9700
FCCY,1.82,15529,9000
FCEL,4.11,52877,8300
FCFP,2.29,80456,5000
FCFS,7.24,81125,400
FCLF,7.66,03019,3100
FCNCA,0.14,21438,6900
FCS,1.81,78194,3200
FCSC,6.44,17842,1500
FCTY,9.97,53480,7300
FCVA,5.35,31750,3500
FDEF,4.39,62347,700
FDIV,0.36,60490,9000
FDML,6.63,08691,6800
FDUS,9.35,22520,8700
FEIC,6.91,10264,8100
FEIM,7.3,44916,2600
FELE,6.79,85003,5200
FEMB,4.42,86071,5200
FENX,8.35,35302,5100
FES,7.72,20239,6700
FEUZ,3.09,83721,1300
FEYE,9.28,07500,9200
FFBC,3.32,57910,5100
FFBCW,2.73,92166,7700
FFHL,7.28,96504,1100
FFIC,9.12,68110,5900
FFIN,2.46,05443,1300
FFIV,1.02,86420,2400
FFKT,2.88,07039,1800
FFNM,9.24,04390,6500
FFNW,8.72,57365,7600
FFWM,0.93,69535,2000
FGEN,9.38,53818,7300
FGM,5.76,72072,300
FHCO,8.67,70179,6200
FHK,1.6,40711,7800
FIBK,0.09,97370,3900
FINL,7.96,78893,4900
FISI,2.49,75643,9300
FISV,6.27,89321,1900
FITB,4.37,47272,7600
FITBI,1.69,38297,200
FIVE,4.98,77630,3400
FIVN,3.2,17762,2500
FIZZ,9.23,60889,4800
FJP,1.12,94922,6200
FKO,9.95,43621,8900
FKU,8.99,46777,4900
FLAG,1.61,09159,5600
FLAT,3.5,34141,6500
FLDM,2.51,92449,9200
FLEX,2.38,38378,1500
FLIC,7.0,85543,4300
FLIR,5.48,45672,3100
FLKS,9.95,92147,3300
FLL,1.19,73246,6200
FLML,4.48,13479,1800
FLWS,2.74,33142,5400
FLXN,6.1,82158,5100
FLXS,9.56,49375,4500
FMB,9.87,41076,9300
FMBH,6.6,60839,7700
FMBI,3.62,56096,5500
FMER,9.13,53087,7400
FMI,7.34,21853,6300
FMNB,8.68,35991,1600
FNBC,9.23,15218,1700
FNFG,1.05,19721,2400
FNGN,9.21,72809,1600
FNHC,2.63,80944,2200
FNJN,5.05,22158,3000
FNLC,3.68,00488,3000
FNSR,3.7,58215,3200
FNTC,9.56,99512,6600
FNTCU,2.92,47349,600
FNTCW,4.73,56388,7600
FNWB,9.06,35036,9800
FOGO,0.38,20888,1500
FOLD,9.08,41100,1700
FOMX,3.87,24742,3800
FONE,6.12,89323,600
FONR,6.27,83799,2600
FORD,9.35,87859,2100
FORM,8.22,16880,7200
FORR,6.99,06567,6700
FORTY,7.66,07034,1200
FOSL,2.73,99854,5600
FOX,9.72,76635,7000
FOXA,9.75,22169,8400
FOXF,7.51,74177,2300
FPRX,7.99,70223,3400
FPXI,3.38,72129,2500
FRAN,0.67,19835,6400
FRBA,1.93,07937,8000
FRBK,1.2,75358,5500
FRED,2.13,38712,6800
FREE,2.54,46225,300
FRGI,0.12,60442,6600
FRME,9.04,99478,5300
FRP,6.5,47847,4100
FRPH,8.68,40361,8700
FRPT,7.61,33547,400
FRSH,4.73,09454,4300
FSAM,6.86,26119,5500
FSBK,5.2,85544,3100
FSBW,6.27,46497,5700
FSC,0.57,09189,5100
FSCFL,8.04,84792,7300
FSFG,7.6,09325,1800
FSFR,7.49,96925,9200
FSGI,6.27,73974,6200
FSLR,7.25,32294,3400
FSNN,7.57,58039,8400
FSTR,8.94,70965,5500
FSV,9.78,89220,4900
FSYS,2.73,31165,1700
FSZ,7.5,75244,2600
FTCS,5.29,81585,4200
FTD,6.33,34991,8900
FTEK,4.59,72716,4900
FTGC,7.68,88103,9000
FTHI,5.21,37934,3900
FTLB,4.4,06516,5800
FTNT,3.31,65837,8200
FTR,0.6,56405,8500
FTRPR,4.74,86181,2400
FTSL,4.76,94476,9500
FTSM,3.09,44378,3300
FTW,2.61,61272,8500
FUEL,9.15,78642,3300
FULL,8.86,91320,9300
FULLL,9.91,07337,500
FULT,3.64,49016,3300
FUNC,5.03,43855,1400
FUND,0.3,62702,2300
FV,7.92,64354,4100
FWM,3.22,36988,7900
FWP,1.3,70348,9500
FWRD,5.56,63915,6900
FXCB,1.72,00161,5500
FXEN,0.65,48930,5400
FXENP,9.85,33015,1600
GABC,1.7,76335,6000
GAI,5.56,76279,4400
GAIA,5.59,84889,7600
GAIN,1.46,61651,2100
GAINN,7.69,30000,7500
GAINO,9.94,50796,2300
GAINP,6.24,57200,4000
GALE,5.47,42118,9400
GALT,5.03,89133,9000
GALTU,5.7,35908,9000
GALTW,0.39,44595,9200
GAME,7.5,14850,1100
GARS,6.1,11936,9200
GASS,0.2,14007,4400
GBCI,9.3,33723,2800
GBDC,0.02,57189,5500
GBIM,1.96,30756,9900
GBLI,9.89,23287,2400
GBLIZ,1.59,71501,2100
GBNK,6.69,89348,100
GBSN,1.23,23000,4800
GBT,4.77,00584,6000
GCBC,8.94,65847,4000
GCVRZ,8.77,72522,9400
GDEF,3.39,37670,6000
GDEN,4.84,83964,2800
GENC,9.72,21242,3100
GENE,8.14,75218,9800
GEOS,2.5,25323,9000
GERN,9.58,77594,1300
GEVO,6.8,94451,7500
GFED,9.25,91140,600
GFN,1.91,16027,6700
GFNCP,5.66,21776,3000
GFNSL,2.55,41229,2300
GGAC,9.39,01265,5100
GGACR,7.2,44767,6300
GGACU,2.94,62261,9700
GGACW,4.55,24661,300
GGAL,3.1,58691,2600
GHDX,0.55,07206,3300
GIFI,9.08,77965,6800
GIGA,8.41,62800,7700
GIGM,0.89,74259,600
GIII,9.93,17613,2400
GILD,9.68,02257,8700
GILT,9.04,73088,6400
GK,3.72,38641,2000
GLAD,1.71,66703,9400
GLADO,0.58,23352,6700
GLBL,1.13,68355,2900
GLBS,5.42,77368,5600
GLBZ,0.97,13790,8600
GLDC,9.76,19751,2200
GLDD,3.82,65244,4400
GLDI,9.5,81949,4000
GLMD,1.72,98224,9400
GLNG,2.13,40802,5500
GLPG,5.95,75661,900
GLPI,5.38,39400,700
GLRE,9.5,06259,2400
GLRI,1.57,51198,6700
GLUU,6.59,21901,8200
GLYC,4.06,18734,9900
GMAN,6.69,49241,1700
GMCR,5.57,85579,7700
GMLP,3.03,85415,5700
GNBC,7.18,01230,6800
GNCA,6.9,62885,9300
GNCMA,6.24,56759,6700
GNMA,9.81,53378,4700
GNMK,4.23,79680,8000
GNTX,0.46,74538,7600
GNVC,0.92,82914,6800
GOGL,1.3,83748,7200
GOGO,4.47,02146,2000
GOLD,2.56,04004,9300
GOMO,3.32,76446,1900
GOOD,8.6,21598,8700
GOODN,6.21,91450,5500
GOODO,3.97,36169,8700
GOODP,1.66,53183,8600
GOOG,4.78,25162,7100
GOOGL,3.95,77556,6900
GPAC,2.6,66972,400
GPACU,9.79,78422,5300
GPACW,7.92,93243,900
GPIA,1.2,63458,4900
GPIAU,1.97,49899,7100
GPIAW,4.95,31122,6200
GPIC,7.78,44732,9800
GPOR,7.78,70802,5300
GPP,1.41,29400,5000
GPRE,1.9,47149,9800
GPRO,9.73,75301,1200
GRBK,3.84,76447,4100
GRFS,1.52,04752,2100
GRID,9.19,74810,7400
GRIF,9.34,01071,4000
GRMN,0.54,19238,8300
GROW,1.32,01724,6500
GRPN,7.65,17282,900
GRSHU,6.16,26812,7800
GRVY,6.74,35658,1800
GSBC,6.46,31995,8700
GSIG,5.2,97296,4000
GSIT,8.13,09894,9000
GSM,6.99,64141,5100
GSOL,9.48,54141,6500
GSVC,7.07,95730,3900
GT,9.68,07846,1200
GTIM,4.33,59376,6100
GTLS,1.1,48464,9000
GTWN,2.54,91580,7000
GTXI,2.02,00462,9300
GUID,0.87,82106,2700
GULF,4.41,27954,3700
GULTU,0.83,23206,7000
GURE,4.0,80875,9300
GWGH,4.85,75111,2100
GWPH,8.74,26763,1200
GYRO,1.42,90645,1700
HA,8.77,98886,8600
HABT,1.78,45667,2200
HAFC,0.83,03806,2100
HAIN,9.09,38779,8900
HALL,6.57,20294,9500
HALO,1.03,67958,7500
HART,5.33,79250,100
HAS,0.71,64137,4900
HAWK,7.89,50344,4000
HAYN,8.07,11708,5000
HBAN,1.14,16470,400
HBANP,5.93,61912,5400
HBCP,0.74,10166,2900
HBHC,2.26,39607,1100
HBHCL,2.77,87093,7300
HBIO,0.99,24040,7400
HBK,2.94,64987,8700
HBMD,9.61,92722,6600
HBNC,4.41,62303,2400
HBP,6.25,38331,5900
HCACU,3.78,99366,9600
HCAP,7.39,07189,3800
HCAPL,4.27,62483,800
HCBK,9.82,38562,5100
HCCI,7.06,06150,600
HCKT,0.7,47181,7500
HCOM,7.64,08830,5200
HCSG,4.99,10257,5100
HDNG,7.13,46241,5400
HDP,3.7,69096,8200
HDRA,6.15,56059,2400
HDRAR,8.85,05061,7800
HDRAU,2.65,14590,3400
HDRAW,9.27,89146,3400
HDS,5.24,72982,4900
HDSN,4.29,85327,1000
HEAR,6.6,22350,3300
HEES,6.38,16840,5200
HELE,0.14,05784,5900
HEOP,1.69,29914,7800
HFBC,7.47,88018,300
HFBL,0.13,54953,2900
HFFC,8.79,06574,9200
HFWA,9.03,10026,3400
HGSH,9.92,39184,8800
HIBB,6.28,06021,3900
HIFS,6.7,54275,3200
HIHO,9.93,48373,900
HIIQ,0.01,43691,1800
HILL,5.09,67479,5100
HIMX,0.98,79792,5200
HKTV,9.0,79894,4500
HLG,8.04,80067,6900
HLIT,2.97,38824,2300
HMHC,7.34,50666,5500
HMIN,8.82,33301,7300
HMNF,2.09,50882,6900
HMNY,8.05,02052,1300
HMPR,1.29,72906,2800
HMST,2.96,71021,3700
HMSY,0.09,00083,5100
HMTV,9.79,61058,2000
HNH,7.92,29781,3300
HNNA,2.9,72912,4500
HNRG,7.69,09183,3000
HNSN,3.96,49345,3900
HOFT,3.07,70881,8300
HOLI,4.58,46576,4900
HOLX,9.23,35155,4500
HOMB,8.51,87771,6200
HOTR,6.17,71582,8600
HOTRW,6.24,04625,1900
HOVNP,2.57,06472,9700
HPJ,3.97,42909,8500
HQCL,2.88,76465,3800
HQY,7.63,86864,5000
HRMN,2.94,61163,3000
HRMNU,1.09,40714,3800
HRMNW,5.09,42204,4600
HRTX,8.62,22313,2200
HRZN,4.27,20727,1500
HSGX,6.68,45184,7600
HSIC,8.44,64875,1300
HSII,7.82,12315,7300
HSKA,2.67,97302,8700
HSNI,3.01,47310,1300
HSON,8.29,29047,8700
HSTM,3.91,41438,800
HTBI,1.32,06883,200
HTBK,9.34,83538,9900
HTBX,1.31,40043,9700
HTCH,0.21,96989,4700
HTGM,4.58,00961,8900
HTHT,1.39,67502,4200
HTLD,3.62,37349,7000
HTLF,7.76,14855,9400
HTWR,1.7,97786,1500
HUBG,6.05,98289,2700
HURC,5.89,93447,4700
HURN,2.1,47533,3200
HWAY,3.44,06978,4100
HWBK,5.28,17380,3000
HWCC,9.29,75227,4600
HWKN,5.86,03979,9000
HYGS,3.81,35777,500
HYLS,7.38,29810,3100
HYND,7.37,46379,2500
HYZD,6.27,70216,600
HZNP,7.84,02406,7600
IACI,3.34,79704,9600
IART,0.78,39190,6400
IBB,9.42,71381,100
IBCP,5.44,89311,8200
IBKC,4.17,49718,1000
IBKCP,0.67,86312,3000
IBKR,2.83,93675,1100
IBOC,1.47,71411,9200
IBTX,5.72,83337,5900
ICAD,2.67,51244,5300
ICBK,5.99,81898,8000
ICCC,2.22,58724,600
ICFI,0.63,41641,8500
ICLD,3.75,94788,4800
ICLDW,6.47,01030,8300
ICLN,0.42,86901,8600
ICLR,8.31,16826,8800
ICON,8.0,38518,2900
ICPT,8.03,24998,9800
ICUI,5.35,46126,2800
IDCC,7.27,45460,1900
IDRA,8.37,82201,7200
IDSA,9.9,65595,3900
IDSY,7.44,37234,7300
IDTI,3.62,54322,9000
IDXX,7.46,91194,4200
IEP,3.46,12605,3900
IESC,2.9,59079,4300
IEUS,7.92,18731,8100
IFEU,9.01,29550,9000
IFGL,2.08,50168,3700
IFON,1.22,70215,9600
IFV,1.66,43266,9900
IGLD,8.94,88274,8200
IGOV,9.17,88755,4300
III,2.66,39382,600
IIIN,9.52,32505,3400
IIJI,2.9,76942,9800
IILG,6.48,89766,900
IIN,4.56,57291,9400
IIVI,4.82,02809,7400
IKAN,8.12,08516,3000
IKGH,2.39,30203,5400
IKNX,8.84,49799,2500
ILMN,9.96,91848,300
IMDZ,9.29,27562,8200
IMGN,6.58,20759,7200
IMI,8.83,06515,8300
IMKTA,5.63,11066,7300
IMMR,8.38,47589,4400
IMMU,7.59,48828,600
IMMY,5.56,14139,1200
IMNP,7.48,88098,1900
IMOS,8.48,24479,3000
INAP,7.88,96805,9400
INBK,9.51,86512,9000
INCR,3.4,78583,9500
INCY,7.92,86790,3900
INDB,1.88,07692,2400
INDY,9.97,84174,900
INFI,8.43,10150,5100
INFN,4.25,03023,7000
INGN,8.88,54117,700
ININ,4.48,30790,5200
INNL,7.04,92149,8700
INO,3.43,08861,4400
INOD,7.99,73219,9700
INOV,1.28,87935,8200
INPH,1.49,56909,1500
INSM,1.66,65084,8400
INSY,1.12,34263,2900
INTC,5.98,14718,6300
INTG,5.06,02243,4200
INTL,9.88,71095,4100
INTLL,8.52,13383,2700
INTU,9.37,25792,8200
INTX,0.95,74683,9800
INVE,1.72,81733,7500
INVT,8.09,82687,1100
INWK,4.26,10241,5200
IOSP,4.19,49551,6800
IPAR,1.6,84701,7700
IPAS,4.16,34823,6000
IPCC,2.46,09834,3600
IPCI,5.46,42753,700
IPCM,1.94,79010,2200
IPDN,6.48,14869,8100
IPGP,0.49,39210,9900
IPHS,1.56,93608,2300
IPKW,4.39,30635,2400
IPWR,9.8,31556,7500
IPXL,1.29,58845,8600
IQNT,9.2,16852,700
IRBT,3.2,63245,100
IRCP,5.27,86477,4000
IRDM,3.9,42487,6800
IRDMB,8.47,99133,8700
IRG,3.67,38524,2400
IRIX,6.0,26385,1500
IRMD,5.71,56718,6500
IROQ,8.69,07091,9200
IRWD,7.15,56939,4900
ISBC,2.24,16607,7800
ISCA,1.05,57025,7000
ISHG,1.13,33291,1300
ISIG,0.23,18661,600
ISIL,3.12,98718,3800
ISIS,2.25,18468,4900
ISLE,5.34,74116,4200
ISM,1.41,94591,2000
ISNS,5.12,37478,9100
ISRG,3.88,74640,4000
ISRL,0.11,83535,6900
ISSC,7.7,83291,7600
ISSI,6.26,66925,1500
ISTR,7.05,72504,3800
ITCI,3.41,53064,6000
ITEK,0.38,26796,5100
ITIC,1.09,64492,5600
ITRI,5.85,52927,3600
ITRN,1.4,93034,700
ITUS,6.19,12678,2700
IVAC,1.5,33997,6700
IVTY,1.15,06536,9600
IXYS,0.5,20966,1000
JACK,4.8,51582,5700
JAGX,4.48,70685,9300
JAKK,5.91,89173,9700
JASN,1.52,13037,3000
JASNW,0.89,18931,7600
JASO,3.8,67865,6500
JAXB,9.93,95070,3500
JAZZ,3.87,29360,6300
JBHT,2.92,35911,6300
JBLU,1.56,29112,900
JBSS,6.36,14618,3600
JCOM,9.23,07948,6900
JCS,1.22,07614,5700
JCTCF,8.97,91134,4100
JD,0.65,55016,3100
JGBB,0.69,52268,9100
JIVE,2.63,85957,2700
JJSF,7.64,65570,7900
JKHY,1.39,92083,3400
JMBA,1.02,04170,6600
JNP,8.01,94866,3600
JOBS,0.49,13046,9800
JOEZ,4.15,17180,7700
JOUT,0.95,55599,5100
JRJC,7.37,40142,7800
JRVR,3.68,06429,7400
JSM,7.01,29119,8100
JST,7.53,55347,3000
JTPY,2.73,41129,8000
JUNO,1.1,36947,3400
JVA,6.53,57408,8900
JXSB,9.58,80573,6300
JYNT,9.71,70745,6900
KALU,1.92,56337,1200
KANG,0.49,02608,800
KBAL,2.71,79714,4600
KBIO,0.81,28487,6000
KBSF,1.27,21307,4500
KCAP,4.06,87310,400
KCLI,5.55,94988,8600
KE,1.58,27156,3000
KELYA,1.67,09348,4300
KELYB,7.73,04294,8400
KEQU,6.68,18933,6500
KERX,5.51,79762,9300
KEYW,9.29,35633,3600
KFFB,4.84,98686,4500
KFRC,5.18,42032,1700
KGJI,4.8,32802,6000
KHC,9.93,68620,1000
KIN,3.88,78393,2600
KINS,4.89,45178,5900
KIRK,2.87,85998,2300
KITE,4.17,06519,4000
KLAC,5.58,88654,2000
KLIC,5.98,99733,400
KLXI,7.51,71444,5300
KMDA,0.36,18269,6300
KMPH,1.59,99801,7400
KNDI,7.11,75574,1400
KONA,8.76,27261,6300
KONE,6.0,51728,5400
KOOL,5.26,32872,4200
KOPN,9.66,63716,8600
KOSS,6.13,74872,900
KPTI,3.78,51635,5000
KRNT,7.82,88501,6500
KRNY,0.23,57639,4000
KTCC,4.51,46874,8100
KTEC,4.93,54372,700
KTOS,9.0,42474,3100
KTWO,0.34,73582,2500
KUTV,2.52,29717,8500
KVHI,4.13,41555,9800
KWEB,6.63,70454,2100
KYTH,0.16,51520,600
KZ,8.76,05404,3500
LABC,0.94,02976,5200
LABL,0.06,99061,6800
LAKE,6.07,91110,7000
LALT,6.81,63546,7900
LAMR,9.3,60913,9000
LANC,7.7,22222,2300
LAND,2.0,04884,8500
LARK,2.58,58815,9000
LAWS,0.15,98892,4300
LAYN,6.1,31705,5200
LBAI,6.54,04453,7500
LBIO,3.4,62346,6200
LBIX,9.18,77655,2500
LBRDA,6.53,22349,3400
LBRDK,0.17,10015,4600
LBTYA,7.28,31559,8800
LBTYB,3.52,91956,7400
LBTYK,4.64,84630,6700
LCNB,4.0,92866,2300
LCUT,4.51,86013,6400
LDRH,4.51,13804,8500
LDRI,6.11,71064,5900
LE,2.37,96489,3800
LECO,2.83,84747,1700
LEDS,7.14,20864,4800
LENS,6.82,70462,6100
LFUS,4.19,27982,5700
LFVN,9.07,79812,3600
LGCY,2.59,48691,2300
LGCYO,5.73,80028,700
LGCYP,0.26,21071,500
LGIH,6.52,93430,8000
LGND,6.26,06330,9300
LHCG,1.16,67715,200
LIFE,1.55,61411,4900
LILA,5.53,31722,1100
LILAK,7.39,18513,3600
LIME,0.35,92806,9200
LINC,8.39,88030,5800
LIND,3.25,61013,2100
LINDW,9.73,84144,6200
LINE,7.9,09429,3900
LION,4.89,84830,4300
LIOX,6.27,32005,1500
LIQD,4.97,64947,7100
LITE,7.69,13176,2000
LIVE,7.64,07586,6500
LJPC,9.69,22667,8100
LKFN,5.06,85139,1000
LKQ,4.15,88521,8100
LLEX,3.19,22456,6300
LLNW,1.69,17616,5400
LLTC,7.18,80026,4700
LMAT,5.65,30883,8200
LMBS,8.7,10161,4600
LMCA,5.33,60776,3700
LMCB,3.86,05243,2600
LMCK,6.01,15363,6600
LMIA,5.14,12340,3400
LMNR,1.35,09657,7800
LMNS,9.33,91739,2800
LMNX,5.4,07966,5800
LMOS,4.56,13236,4000
LMRK,2.11,62806,8600
LNCE,6.91,57842,1600
LNCO,4.34,10155,5700
LNDC,3.9,77964,7000
LNTH,6.02,78522,2500
LOAN,1.85,76504,7900
LOB,0.66,27547,9600
LOCO,8.26,98297,4300
LOGI,5.32,14031,9100
LOGM,2.64,26298,5100
LOJN,5.58,14566,400
LONG,3.33,83947,6500
LOOK,3.92,75538,2000
LOPE,0.9,93073,6000
LORL,7.13,86103,1100
LOXO,1.72,48904,6700
LPCN,8.35,21609,4500
LPLA,7.54,69512,900
LPNT,6.31,36041,6200
LPSB,5.68,41511,8200
LPSN,0.91,24786,9600
LPTH,0.88,65682,5000
LPTN,4.46,70762,7700
LQDT,5.39,27379,5400
LRAD,1.1,57117,4200
LRCX,7.22,26252,1200
LSBG,6.15,69935,400
LSBK,7.79,58470,600
LSCC,6.68,61254,5700
LSTR,6.86,76383,5400
LTBR,8.65,71629,6200
LTRPA,5.24,97185,9300
LTRPB,2.06,39286,4900
LTRX,8.19,86188,4300
LTXB,1.62,58524,3100
LULU,6.69,00082,7700
LUNA,9.45,45153,6300
LVNTA,2.24,00391,5600
LVNTB,2.19,34290,6000
LWAY,2.6,68977,600
LXRX,5.23,33465,9500
LYTS,5.08,13750,3600
MACK,7.19,79952,1300
MAGS,7.97,53439,800
MAMS,3.45,53855,8900
MANH,2.45,39462,6800
MANT,7.99,56538,6900
MAR,7.09,10139,1100
MARA,4.02,38998,4600
MARK,2.36,21173,1200
MARPS,6.85,45100,7700
MASI,1.58,18476,7400
MAT,5.48,14799,6300
MATR,0.45,08669,6400
MATW,6.83,49277,700
MAYS,0.51,82957,2300
MB,2.97,35199,8400
MBCN,5.32,24254,4500
MBFI,3.36,31547,5100
MBFIP,1.63,05794,8200
MBII,8.13,44923,6000
MBLX,9.47,33332,7800
MBRG,5.18,56704,400
MBSD,4.18,52222,2500
MBTF,0.55,68038,3200
MBUU,0.0,08422,4500
MBVT,4.91,95319,3800
MBWM,4.99,92706,4300
MCBC,0.57,34450,3700
MCBK,9.31,95042,3900
MCEP,6.65,95788,8600
MCFT,3.86,88989,100
MCHP,2.06,44861,9000
MCHX,4.77,93149,6500
MCOX,7.0,52127,100
MCRB,1.89,32639,4000
MCRI,9.52,84953,9000
MCUR,9.73,01205,8100
MDAS,4.64,98008,9000
MDCA,6.75,38272,1300
MDCO,3.87,29746,9200
MDGS,4.6,39764,5500
MDIV,0.69,31742,4400
MDLZ,2.05,02351,5700
MDM,5.93,26974,1800
MDRX,2.08,22915,400
MDSO,3.36,24905,5200
MDSY,4.41,01130,3500
MDVN,9.94,15851,6500
MDVX,7.09,34372,2600
MDVXW,2.07,34786,3200
MDWD,5.89,61611,2700
MDXG,5.27,14677,2700
MEET,9.75,46014,5500
MEIL,9.92,10830,8100
MEILW,1.92,76785,9300
MEILZ,4.52,86095,4900
MEIP,6.61,72407,6100
MELA,1.34,92494,6800
MELI,0.28,52848,4700
MELR,9.12,90120,6100
MEMP,5.03,42452,8800
MENT,9.93,13593,8200
MEOH,6.8,52023,3900
MERC,3.3,53766,4100
MESG,5.84,55652,6000
METR,9.06,77504,5400
MFLX,2.26,92760,3000
MFNC,4.57,06244,8500
MFRI,1.18,95332,2100
MFRM,1.76,46817,1100
MFSF,9.21,43664,1200
MGCD,2.08,00331,1700
MGEE,6.78,65851,5100
MGI,6.09,78777,1900
MGIC,6.65,13712,7400
MGLN,1.33,57049,8400
MGNX,0.05,71012,7900
MGPI,6.81,75311,700
MGRC,7.84,67095,2700
MGYR,7.81,06523,6800
MHGC,6.01,79102,7900
MHLD,4.8,57348,900
MHLDO,7.57,15696,5700
MICT,8.93,65539,4200
MICTW,5.67,74921,6600
MIDD,0.03,20717,8400
MIFI,8.16,50726,6500
MIK,5.43,10050,4200
MIND,3.57,34529,4200
MINI,2.57,15000,6100
MITK,1.88,18364,5400
MITL,8.55,91708,3100
MKSI,9.99,94152,5500
MKTO,4.64,87481,3400
MKTX,8.89,35012,9300
MLAB,0.73,45972,2200
MLHR,1.91,39888,9300
MLNK,3.0,79369,6900
MLNX,4.31,69753,2100
MLVF,9.78,31874,4500
MMAC,3.17,87611,2700
MMLP,2.67,12477,2100
MMSI,7.57,56617,3300
MMYT,1.67,55916,6200
MNDO,2.86,43934,4800
MNGA,6.96,98896,3800
MNKD,1.03,28009,3100
MNOV,6.53,49904,300
MNRK,4.65,08787,7800
MNRO,0.09,80783,9600
MNST,4.05,56789,2200
MNTA,3.9,15394,4400
MNTX,2.93,15786,4500
MOBI,4.63,63954,6900
MOBL,1.36,42845,4200
MOCO,0.05,44030,6500
MOFG,2.06,18737,6400
MOKO,6.91,75210,2300
MOLG,0.95,05342,800
MOMO,8.62,02258,2600
MORN,2.3,69635,2000
MOSY,7.03,90523,700
MPAA,6.56,62969,3200
MPB,9.89,83958,4700
MPEL,2.88,34203,5900
MPET,2.24,57213,8900
MPWR,1.07,96344,2000
MRCC,1.45,34175,6700
MRCY,6.15,19508,5500
MRD,2.46,51400,500
MRGE,1.76,38930,8900
MRKT,8.53,07974,8000
MRLN,3.33,74929,2900
MRNS,1.89,48030,6200
MRTN,8.57,75026,1200
MRTX,0.51,60414,5100
MRVC,9.77,71274,7200
MRVL,6.83,93308,4700
MSBF,8.33,48927,3700
MSCC,3.57,62233,6500
MSEX,7.68,02014,6700
MSFG,3.02,74412,2400
MSFT,3.24,38851,9500
MSLI,8.73,20025,6400
MSON,0.19,66545,3600
MSTR,5.13,35055,9000
MTBC,0.24,23026,4700
MTEX,5.84,79733,2500
MTGE,8.57,26683,7300
MTGEP,1.39,66361,2900
MTLS,7.37,81190,1800
MTRX,0.6,17327,9200
MTSC,4.75,09655,4200
MTSI,9.57,25828,8000
MTSL,7.63,12141,7100
MTSN,2.28,61476,2000
MU,7.17,43112,2500
MULT,8.3,42199,5400
MVIS,9.2,99215,400
MXIM,4.29,57547,4500
MXWL,0.05,44993,9300
MYGN,2.85,16029,9400
MYL,0.57,47996,2400
MYOS,8.94,92381,4500
MYRG,9.88,21059,6600
MZOR,7.05,94089,4500
NAII,0.65,12527,5300
NAME,9.84,89703,3800
NANO,5.61,70647,1400
NATH,9.84,04374,8000
NATI,5.82,68571,3300
NATL,8.96,86632,6000
NATR,6.77,95603,9100
NAUH,4.67,73828,4300
NAVG,2.16,34124,9200
NAVI,3.07,11579,900
NBBC,4.33,47686,2500
NBIX,3.54,79031,1100
NBN,9.4,94863,200
NBTB,4.37,40184,5100
NCIT,3.71,74701,1300
NCLH,4.09,48104,100
NCMI,9.3,17823,3000
NCOM,2.77,60129,5600
NCTY,8.64,11092,8000
NDAQ,3.02,84720,2300
NDLS,5.21,38713,3400
NDRM,8.65,95089,6700
NDSN,7.63,34641,8000
NECB,0.78,60396,600
NEO,8.21,56591,6800
NEOG,0.09,08639,5800
NEON,9.63,12011,9200
NEOS,9.8,67418,6500
NEOT,7.27,47108,9200
NEPT,9.47,64237,1000
NERV,9.23,57882,3600
NETE,7.33,46421,9100
NEWP,7.39,53225,4200
NEWS,4.1,84522,4600
NEWT,4.19,20531,3100
NFBK,6.91,48857,4800
NFEC,5.11,81761,4100
NFLX,6.91,30201,7300
NGHC,3.24,91530,9400
NGHCO,5.07,05862,800
NGHCP,4.31,28652,2900
NGHCZ,7.11,49902,500
NHLD,1.13,04704,2800
NHTC,4.93,73932,8900
NICE,6.45,12767,2000
NICK,2.86,93046,1300
NIHD,1.85,27016,4500
NILE,1.68,77645,5900
NK,3.17,44389,400
NKSH,3.02,64512,9200
NKTR,1.68,53769,5100
NLNK,0.63,94158,1100
NLST,7.67,01695,8500
NMIH,2.23,55227,7700
NMRX,1.09,01339,200
NNBR,1.4,10173,3500
NPBC,8.78,98439,1100
NRCIA,2.82,36844,6000
NRCIB,5.91,49384,200
NRIM,8.31,03648,8700
NRX,2.45,96300,4400
NSEC,1.18,99000,4100
NSIT,1.52,29762,8200
NSPH,0.04,91322,6600
NSSC,0.33,56198,5100
NSTG,7.26,57157,8800
NSYS,2.28,24579,1700
NTAP,3.58,68414,7900
NTCT,8.82,77133,6600
NTEC,9.06,97843,6700
NTES,9.3,04246,4200
NTGR,7.39,91179,400
NTIC,7.71,67242,200
NTK,0.97,24817,9500
NTLS,5.21,44888,2400
NTRA,9.1,54037,3800
NTRI,3.93,95020,5400
NTRS,5.52,52365,6400
NTRSP,4.06,84934,6100
NTWK,1.31,71146,8300
NUAN,2.96,61950,4600
NURO,7.85,23910,6000
NUROW,9.29,67949,7400
NUTR,3.95,09994,5900
NUVA,7.84,11555,5200
NVAX,7.55,13906,4600
NVCN,0.0,05307,1100
NVDA,2.52,29405,5300
NVDQ,0.14,94758,9800
NVEC,7.38,75861,1600
NVEE,9.15,00112,4400
NVET,7.23,98314,5500
NVFY,5.91,07236,3500
NVGN,1.95,99484,3000
NVIV,4.95,54009,3500
NVLS,1.93,41523,800
NVMI,0.88,74801,2200
NVSL,0.47,95805,9000
NWBI,0.54,35920,5000
NWBO,4.96,89412,3400
NWBOW,0.82,91979,3000
NWFL,8.33,60151,5700
NWLI,8.19,80504,1800
NWPX,4.56,87376,2600
NWS,7.29,67289,2400
NWSA,9.17,43686,6200
NXPI,2.51,75261,5800
NXST,1.94,08250,3000
NXTD,4.03,98859,7100
NXTDW,1.66,70037,400
NXTM,1.75,22310,200
NYMT,9.36,41587,6600
NYMTO,3.01,63443,8300
NYMTP,2.52,84802,900
NYMX,9.42,59046,6700
NYNY,9.74,59240,1600
OBAS,7.36,55796,5300
OBCI,1.77,50786,8900
OCAT,4.87,80792,3400
OCC,5.22,58038,400
OCFC,6.67,30795,2900
OCLR,3.59,60501,5300
OCLS,9.65,89369,1100
OCLSW,3.8,36496,9700
OCRX,7.54,72705,1800
OCUL,6.79,19989,9500
ODFL,4.99,18417,5300
ODP,7.05,17470,7100
OESX,7.48,04069,7800
OFED,5.68,95327,3600
OFIX,8.06,91261,8200
OFLX,1.54,46282,6700
OFS,1.71,31988,3000
OGXI,9.87,05379,4500
OHAI,0.18,01739,1200
OHGI,6.36,19951,6400
OHRP,3.73,81424,5300
OIIM,9.19,11901,3100
OKSB,3.81,83718,5900
OLBK,0.04,52470,8700
OLED,7.19,14131,200
OLLI,3.81,59334,2500
OMAB,4.87,22568,6200
OMCL,6.33,78355,1000
OMED,4.16,05333,3500
OMER,3.3,79349,5700
OMEX,8.67,97561,7300
ON,6.05,64035,7000
ONB,0.03,04513,8300
ONCE,8.04,12400,9400
ONCS,8.95,07580,1900
ONCY,2.33,71481,2000
ONEQ,2.87,87777,7500
ONFC,2.11,21988,7200
ONTX,0.07,32217,7700
ONTY,6.53,88191,6900
ONVI,9.21,50323,6400
OPB,6.46,43920,8300
OPGN,5.53,09945,3800
OPGNW,5.69,96290,6200
OPHC,3.45,99448,9900
OPHT,0.07,71680,8900
OPOF,1.05,55145,9400
OPTT,5.78,15706,700
OPXA,1.54,26766,8500
OPXAW,0.36,99081,600
ORBC,9.72,90448,8700
ORBK,9.96,62583,7500
OREX,1.62,49175,7400
ORIG,5.31,78679,4700
ORIT,0.57,78962,9800
ORLY,1.68,65575,800
ORMP,1.93,46641,9800
ORPN,6.89,60919,900
ORRF,4.03,67447,5400
OSBC,6.19,56773,2500
OSBCP,6.79,77479,8800
OSHC,9.59,77383,7700
OSIR,4.84,43849,5400
OSIS,8.92,64924,4200
OSM,6.22,81803,5200
OSN,2.81,43640,3100
OSTK,0.68,44382,7700
OSUR,8.63,71976,9100
OTEL,1.67,45997,6600
OTEX,2.52,71434,900
OTIC,7.83,82936,2100
OTIV,9.86,08610,8100
OTTR,6.0,28572,1900
OUTR,2.28,18254,3900
OVAS,7.16,38892,3100
OVBC,2.11,17415,2400
OVLY,1.47,10183,1900
OVTI,7.99,40780,1800
OXBR,3.21,09612,8400
OXBRW,5.48,57280,4200
OXFD,8.17,17941,4300
OXGN,4.26,59482,1100
OXLC,0.2,49806,3100
OXLCN,7.32,66546,700
OXLCO,0.53,67916,5700
OZRK,7.1,73234,4200
PAAS,2.37,08241,8500
PACB,2.75,54530,5800
PACW,8.46,64094,7500
PAGG,6.61,30927,3400
PAHC,7.75,98730,8800
PANL,7.78,20547,300
PARN,5.88,71359,7000
PATI,5.27,07565,3300
PATK,1.97,83528,8100
PAYX,3.49,20780,4600
PBCP,2.6,30840,4000
PBCT,6.92,55125,1300
PBHC,2.97,92039,1800
PBIB,7.02,52434,9100
PBIP,2.22,96790,7300
PBMD,4.45,51947,8100
PBPB,4.23,33092,4000
PBSK,5.43,20302,1200
PCAR,7.88,59254,8200
PCBK,2.76,40261,1000
PCCC,6.73,58521,9000
PCH,8.28,53287,1100
PCLN,9.25,77560,2500
PCMI,3.24,06366,6000
PCO,7.08,51210,3000
PCOM,5.94,87796,1700
PCRX,7.11,05920,5500
PCTI,3.11,49651,700
PCTY,2.87,86108,5700
PCYG,1.2,93305,3600
PCYO,3.06,11401,4800
PDBC,0.18,03249,2000
PDCE,0.75,52895,6900
PDCO,5.45,56632,3000
PDEX,0.57,71746,6400
PDFS,9.59,10888,600
PDII,2.46,24277,7700
PDLI,7.62,51320,8100
PDVW,8.36,02661,1200
PEBK,6.86,88322,1500
PEBO,5.38,50192,3400
PEGA,4.86,67372,8800
PEGI,9.61,21887,5200
PEIX,8.8,57747,3300
PENN,3.86,19039,9200
PERF,7.32,90853,7100
PERI,7.46,41786,6200
PERY,8.43,57797,300
PESI,4.37,78439,5600
PETS,2.17,14510,5200
PETX,8.79,63302,4600
PFBC,2.91,03303,9900
PFBI,4.75,85000,3500
PFBX,6.32,89622,3500
PFIE,0.04,52297,3000
PFIN,6.67,48223,2100
PFIS,7.88,62091,2900
PFLT,3.95,69129,9600
PFMT,5.17,60041,7700
PFPT,4.31,59701,700
PFSW,2.08,96781,2200
PGC,6.44,05160,4600
PGLC,0.45,32370,2000
PGNX,7.65,69509,4300
PGTI,5.93,12017,5700
PHII,7.32,58246,5900
PHIIK,1.34,18273,5100
PHMD,2.72,79921,3300
PICO,8.85,26007,200
PIH,8.39,61538,1200
PINC,0.75,58427,3400
PIRS,3.93,23411,6000
PKBK,3.83,39052,5100
PKOH,3.07,40394,6700
PLAB,2.98,64250,3300
PLAY,4.5,35605,2400
PLBC,9.33,81984,1200
PLCE,9.71,65313,4400
PLCM,0.61,40538,7000
PLKI,1.12,21521,6200
PLNR,2.52,35404,6800
PLPC,3.0,07272,4600
PLPM,4.63,54890,7500
PLTM,8.29,42185,2200
PLUG,7.59,09677,8300
PLUS,1.55,40441,2100
PLXS,2.6,54283,1600
PMBC,4.38,14512,5700
PMCS,1.51,58084,8500
PMD,8.48,14476,6900
PME,5.69,90974,3900
PNBK,9.28,31555,8100
PNFP,9.48,45261,9500
PNNT,9.8,29012,2000
PNQI,0.58,70582,4700
PNRA,7.78,08791,2100
PNRG,5.14,73566,4700
PNTR,7.22,72067,1300
PODD,7.14,59661,7500
POOL,3.67,14334,3700
POPE,9.19,89148,7900
POWI,5.25,41842,6400
POWL,6.61,25829,3300
POZN,2.74,66572,6800
PPBI,1.12,84555,9900
PPC,0.78,38160,3700
PPHM,8.26,16542,7400
PPHMP,5.66,73648,1100
PPSI,7.95,36706,6100
PRAA,2.08,99103,6900
PRAH,2.04,08604,5500
PRAN,6.73,25256,4700
PRCP,4.15,92729,9600
PRFT,7.39,97829,7300
PRFZ,9.12,46723,4400
PRGN,6.37,68109,4800
PRGNL,6.8,54604,300
PRGS,9.12,26964,4100
PRGX,3.04,39003,300
PRIM,5.63,06030,6800
PRKR,3.19,55660,6200
PRMW,9.27,74806,2200
PROV,6.86,67897,9800
PRPH,8.12,84246,4200
PRQR,2.14,75580,6400
PRSC,3.79,26793,6900
PRSN,8.68,51221,4600
PRSNW,5.33,94818,5600
PRSS,3.21,85984,1700
PRTA,5.59,02324,9700
PRTK,4.8,80763,1800
PRTO,7.02,01330,9000
PRTS,2.72,24334,1700
PRXI,4.32,99393,7500
PRXL,3.82,43224,3500
PSAU,9.83,66360,1500
PSBH,0.17,86451,6000
PSCC,1.18,04816,300
PSCD,0.61,12187,6200
PSCE,8.95,66851,500
PSCF,2.5,00602,9700
PSCH,5.59,53602,5700
PSCI,0.99,51960,400
PSCM,6.19,03207,2600
PSCT,9.48,04991,7700
PSCU,7.62,08037,1200
PSDV,3.16,11006,6000
PSEC,5.12,13088,2800
PSEM,3.39,43535,7700
PSIX,9.41,71025,8300
PSMT,6.78,36195,5200
PSTB,8.29,61471,7900
PSTI,7.86,70142,1000
PSUN,9.16,74636,3700
PTC,1.68,70408,400
PTCT,1.99,08868,6500
PTEN,2.03,35111,7200
PTIE,2.23,54700,3800
PTLA,5.28,52028,8900
PTNR,2.74,16185,1900
PTNT,0.84,79289,1000
PTSI,7.02,69805,1100
PTX,4.2,70302,7600
PTXP,6.33,22784,6600
PUB,7.97,17254,3600
PULB,2.51,90936,8500
PULM,8.65,77765,9600
PVBC,4.11,22352,3500
PVTB,1.74,83151,8200
PVTBP,5.4,20678,6100
PWOD,1.11,74354,2400
PWX,2.42,17216,8500
PXLW,7.58,79772,6500
PYDS,6.28,51144,1600
PYPL,8.7,94865,1400
PZZA,5.53,14122,100
QABA,9.26,64645,2800
QADA,2.7,42332,4200
QADB,0.01,40414,7800
QAT,4.73,75549,2000
QBAK,3.88,79237,7100
QCCO,0.45,49893,7700
QCLN,4.64,82096,2600
QCOM,7.52,30337,300
QCRH,4.91,47893,6100
QDEL,7.7,42235,6000
QGEN,2.27,97255,400
QINC,4.39,74657,1800
QIWI,7.03,80335,5800
QKLS,6.02,08277,6800
QLGC,3.86,31822,8800
QLIK,4.3,15489,9200
QLTI,6.62,74913,8800
QLYS,1.31,78605,1900
QNST,1.63,68167,1600
QPAC,4.22,67575,5000
QPACU,7.14,47128,8400
QPACW,9.56,66167,9300
QQEW,9.71,90715,2100
QQQ,6.5,64323,1200
QQQC,1.55,01612,9400
QQQX,9.74,85510,3900
QQXT,6.61,96694,2200
QRHC,6.75,65385,1500
QRVO,9.3,91829,8400
QSII,5.15,31506,8400
QTEC,8.88,87807,5100
QTNT,6.23,79447,4900
QTNTW,1.77,31700,5800
QTWW,3.54,56133,4100
QUIK,7.86,78265,4100
QUMU,4.21,45678,9700
QUNR,5.89,29650,6800
QURE,7.47,50251,7700
QVCA,3.79,79860,900
QVCB,5.6,67129,3600
QYLD,7.97,25459,9700
RADA,7.01,92540,7500
RAIL,6.84,68594,2800
RAND,1.1,50449,9200
RARE,0.85,59970,1800
RAVE,7.22,07702,7600
RAVN,4.46,84746,2300
RBCAA,4.27,71094,1800
RBCN,5.15,62340,8300
RBPAA,0.83,73850,2600
RCII,6.79,80576,2400
RCKY,4.07,90418,9300
RCMT,2.26,60902,8700
RCON,4.85,76505,2900
RCPI,5.12,86361,6700
RDCM,4.64,32827,2000
RDEN,1.49,35119,6800
RDHL,0.56,13726,200
RDI,0.74,68117,3800
RDIB,1.01,38225,2600
RDNT,4.11,97882,1800
RDUS,2.96,49873,6200
RDVY,6.06,56216,2600
RDWR,6.41,63052,4900
RECN,1.92,63112,8800
REDF,3.46,59395,500
REFR,9.95,92098,6700
REGI,5.76,55998,1900
REGN,5.81,03148,8100
REIS,7.73,32402,5000
RELL,4.66,35689,8900
RELV,7.85,22711,800
RELY,8.06,88941,6400
REMY,1.62,31762,6900
RENT,6.38,16044,5000
REPH,5.12,53291,1300
RESN,7.69,78278,3600
REXI,7.53,67830,4300
REXX,3.68,91365,8800
RFIL,1.03,58248,1900
RGCO,5.99,45004,6900
RGEN,4.09,89046,5400
RGLD,8.3,46728,8100
RGLS,5.28,58005,3400
RGSE,2.18,07093,9200
RIBT,3.0,40505,2300
RIBTW,0.11,14661,9400
RICK,8.02,52688,8300
RIGL,0.3,10389,1600
RILY,0.13,38322,6500
RITT,4.98,81166,5000
RITTW,5.25,30519,4400
RIVR,5.48,63434,9900
RJET,3.51,26594,4300
RKDA,9.96,46063,3700
RLJE,8.75,22023,6100
RLOC,3.93,21218,1400
RLOG,8.27,01825,7100
RLYP,9.93,34917,7900
RMBS,4.14,79723,6400
RMCF,5.66,02022,5900
RMGN,8.21,24851,7100
RMTI,3.79,59651,5500
RNET,0.32,41890,7400
RNST,2.89,43371,2000
RNWK,5.32,84362,900
ROBO,1.1,36222,5100
ROCK,2.67,49720,8800
ROIA,6.16,13434,1100
ROIAK,1.4,01313,2700
ROIC,6.35,35788,8700
ROIQ,1.57,60965,6300
ROIQU,6.21,91082,9000
ROIQW,7.94,38267,5300
ROKA,9.24,42416,6600
ROLL,5.35,35089,3700
ROSG,4.21,54361,1700
ROST,0.67,04380,6100
ROVI,3.3,52309,600
ROYL,9.3,47006,5200
RP,3.79,60936,5900
RPD,1.45,07780,8000
RPRX,0.9,80836,3800
RPRXW,2.15,81128,8600
RPRXZ,3.86,87401,8700
RPTP,0.51,21198,8000
RPXC,1.42,40622,200
RRD,0.42,33648,6200
RRGB,8.47,51817,6700
RRM,8.64,85662,9800
RSTI,2.23,01769,1800
RSYS,9.62,37922,200
RTIX,4.53,40068,9800
RTK,9.84,03463,5900
RTRX,9.12,91000,4100
RTTR,2.96,77950,6000
RUN,2.97,58508,9800
RUSHA,1.51,68346,6100
RUSHB,9.5,11525,5000
RUTH,3.85,45054,3500
RVLT,0.3,99171,9700
RVNC,4.87,78003,1000
RVSB,0.12,50273,5200
RWLK,9.61,36131,3100
RXDX,9.79,47346,8200
RXII,7.77,92241,2000
RYAAY,8.19,14889,8500
SAAS,8.3,04592,5700
SABR,1.44,50180,900
SAEX,2.15,91028,1600
SAFM,7.35,59152,3500
SAFT,7.42,70477,4200
SAGE,9.12,65510,9700
SAIA,5.05,24959,4500
SAJA,9.4,21057,7000
SAL,7.9,21208,6200
SALE,1.52,94530,6600
SALM,0.02,98029,1500
SAMG,5.51,19791,4700
SANM,8.57,61858,9400
SANW,1.58,77799,1600
SASR,9.74,42878,1500
SATS,4.81,57430,6500
SAVE,9.45,28695,3700
SBAC,0.53,46742,4200
SBBX,9.38,11240,5400
SBCF,3.66,73119,600
SBCP,1.08,04494,5200
SBFG,5.24,98793,2500
SBFGP,6.32,86174,2600
SBGI,4.84,58324,4700
SBLK,7.1,25966,4700
SBLKL,1.18,82757,1000
SBNY,5.98,75190,8100
SBNYW,2.95,53000,800
SBRA,3.03,61729,6500
SBRAP,6.44,23578,1400
SBSA,8.02,82638,9100
SBSI,9.93,22191,2300
SBUX,8.97,53784,5600
SCAI,3.98,59107,400
SCHL,6.76,34697,3500
SCHN,5.99,43845,9500
SCLN,4.97,24077,9000
SCMP,7.46,75544,100
SCON,5.44,48136,7900
SCOR,3.1,98702,6900
SCSC,9.83,39537,5500
SCSS,6.03,13718,1300
SCTY,3.98,75472,2900
SCVL,8.44,18983,1400
SCYX,9.55,72556,7300
SEAC,6.98,55942,2300
SEDG,9.04,38623,6200
SEED,9.32,40404,7400
SEIC,0.06,97804,7200
SEMI,4.1,77509,2000
SENEA,5.35,10465,7300
SENEB,6.81,46776,5300
SEV,6.42,84763,1200
SFBC,2.77,26090,1900
SFBS,2.91,22618,5900
SFLY,0.67,63009,9000
SFM,4.07,06545,1900
SFNC,8.44,57993,2000
SFST,9.17,66743,6600
SFXE,3.36,76229,5100
SGBK,8.36,95876,9200
SGC,6.04,05347,1900
SGEN,2.02,66761,3500
SGI,9.05,69567,1600
SGMA,7.74,20434,6800
SGMO,4.2,93864,5400
SGMS,7.9,86657,8800
SGNL,4.85,94021,2300
SGNT,4.95,46972,2100
SGOC,5.39,38470,2600
SGRP,8.34,03532,4500
SGYP,3.8,51502,7800
SGYPU,2.06,62017,6700
SGYPW,2.7,22835,600
SHBI,8.85,83369,7100
SHEN,4.73,53196,6200
SHIP,5.58,36379,3300
SHLD,6.55,47716,8200
SHLDW,8.98,16562,8100
SHLM,1.15,38569,7200
SHLO,8.22,08008,6400
SHOO,9.13,99335,8400
SHOR,9.87,05241,7900
SHOS,1.73,83702,1800
SHPG,2.85,80115,9100
SIAL,7.84,44705,2800
SIBC,5.62,22132,9600
SIEB,8.56,94946,5400
SIEN,9.28,83064,3400
SIFI,1.26,34939,300
SIFY,2.48,43523,5700
SIGI,4.9,05872,2700
SIGM,1.06,10845,5800
SILC,0.87,55039,6200
SIMO,9.64,90720,9700
SINA,1.04,47421,8600
SINO,4.47,75250,6400
SIRI,3.5,74629,7500
SIRO,6.97,71916,9500
SITO,6.95,90741,9700
SIVB,6.12,92626,7600
SIVBO,6.56,68581,5900
SIXD,4.04,89854,9600
SKBI,6.56,34242,2500
SKIS,8.46,24392,7900
SKLN,2.14,95315,6500
SKLNU,3.61,70094,5400
SKOR,6.34,18205,1500
SKUL,5.01,96407,8100
SKYS,9.45,48796,3900
SKYW,8.57,42947,4300
SKYY,3.46,30205,5800
SLAB,4.21,78784,6800
SLCT,5.9,71816,9500
SLGN,5.22,36368,800
SLM,8.61,98104,4300
SLMAP,8.26,91462,1100
SLMBP,5.93,62501,4200
SLP,6.51,99217,6200
SLRC,4.78,80363,4000
SLTC,9.89,22695,3500
SLTD,7.49,45082,7100
SLVO,9.3,77981,1100
SMAC,2.82,94271,9200
SMACR,1.67,91299,3000
SMACU,6.89,74868,6800
SMBC,2.53,37195,8800
SMCI,9.13,64430,7500
SMCP,0.08,57160,6400
SMED,2.47,36028,8000
SMIT,2.97,02293,2000
SMLR,3.67,50412,3800
SMMF,5.24,37050,3100
SMMT,2.62,88509,1700
SMRT,9.78,87448,5100
SMSI,7.36,86091,8300
SMT,8.36,52640,2500
SMTC,4.95,75599,600
SMTP,6.23,96536,5800
SMTX,0.27,44189,9400
SNAK,8.29,76604,2700
SNBC,4.2,86172,9100
SNC,6.09,97821,8100
SNCR,9.97,09955,5500
SNDK,6.3,76497,8100
SNFCA,7.08,50284,2500
SNHY,7.44,44288,7400
SNMX,0.46,22141,5900
SNPS,0.51,93336,5000
SNSS,2.44,06695,1700
SNTA,0.5,25234,4100
SOCB,6.33,88314,2600
SOCL,6.57,81342,3600
SODA,2.24,26679,3300
SOFO,1.13,42718,8800
SOHO,3.64,96915,5700
SOHOL,8.38,73971,2000
SOHOM,6.38,43001,2700
SOHU,7.28,52146,3200
SONA,4.48,47454,9600
SONC,5.66,57531,2800
SONS,5.07,78210,6100
SORL,9.94,14688,5400
SOXX,1.54,09758,6000
SP,9.64,15574,1800
SPAN,8.95,99368,4800
SPAR,0.54,76198,4400
SPCB,8.88,47443,1900
SPDC,6.67,84766,4100
SPEX,8.68,25370,5900
SPHS,3.79,85779,400
SPIL,2.31,72086,2900
SPKE,6.4,77894,8900
SPLK,5.32,66048,4200
SPLS,7.24,66510,4900
SPNC,2.81,70323,4700
SPNE,9.59,02603,4200
SPNS,6.32,22823,9200
SPOK,2.25,24319,2200
SPPI,4.76,67986,4400
SPRO,7.18,43902,8000
SPRT,9.09,55603,1300
SPSC,6.98,76014,4500
SPTN,1.17,95910,500
SPU,4.49,38261,4700
SPWH,2.8,54312,4600
SPWR,6.08,33490,8400
SQBG,5.24,13823,2500
SQBK,5.47,60318,6400
SQI,3.7,21601,2700
SQNM,1.93,47447,9000
SQQQ,2.89,12916,2200
SRCE,7.25,46892,1500
SRCL,8.39,47859,9000
SRDX,9.51,52060,2700
SRET,8.2,34364,8800
SREV,4.39,41717,9700
SRNE,3.53,93364,4300
SRPT,1.35,70794,5100
SRSC,9.3,28328,900
SSB,1.44,01884,7000
SSBI,0.17,56879,6000
SSFN,7.45,84838,8900
SSH,0.43,91391,3900
SSNC,4.44,77352,7900
SSRG,9.81,91803,7500
SSRI,4.64,32560,6100
SSYS,7.29,13713,5700
STAA,8.41,42421,3600
STB,3.89,76782,8300
STBA,6.32,58733,4500
STBZ,3.55,55612,9300
STCK,8.77,02576,5800
STDY,8.96,64898,3900
STEM,6.07,35305,1300
STFC,3.67,91492,9100
STKL,0.16,56616,1900
STKS,5.48,70030,9500
STLD,6.02,47067,1200
STLY,4.54,69444,5000
STML,7.54,80635,100
STMP,1.3,89194,1700
STNR,3.41,73042,9300
STPP,2.24,67717,2000
STRA,2.33,44652,3200
STRL,5.83,71899,6100
STRM,2.46,91175,5100
STRS,2.81,32924,5800
STRT,0.4,27875,2400
STRZA,0.3,54539,1100
STRZB,3.74,72717,1200
STX,8.84,07036,2400
STXS,8.07,09649,500
SUBK,8.27,88073,6800
SUMR,2.85,26924,9400
SUNS,8.35,04834,2400
SUPN,5.23,17065,8600
SURG,4.83,19952,8900
SVA,6.57,60648,1300
SVBI,0.81,73435,7200
SVVC,2.67,16220,8700
SWHC,6.64,12180,3100
SWIR,9.07,76200,1500
SWKS,9.98,37444,8700
SWSH,6.86,61053,5900
SXCL,6.01,98021,8200
SYBT,8.3,61353,3300
SYKE,6.1,22633,1700
SYMC,6.6,72038,6900
SYMX,6.93,04455,2300
SYNA,0.12,18380,8000
SYNC,3.97,00960,3200
SYNL,4.31,29168,1300
SYNT,6.4,30944,8000
SYPR,7.67,02509,500
SYRX,0.74,76501,9200
SYUT,5.65,83361,9200
SZMK,3.1,91187,1500
SZYM,4.73,80333,2300
TACO,2.76,53068,5000
TACOW,1.25,47326,4200
TACT,4.6,94022,5500
TAIT,7.93,00084,3600
TANH,9.69,91575,4500
TAPR,4.04,09173,2500
TASR,2.06,33489,8900
TAST,7.71,79168,2600
TATT,3.55,31979,7100
TAX,8.67,15320,400
TAXI,2.27,47328,8100
TAYD,8.34,20688,9700
TBBK,2.61,87032,9400
TBIO,1.19,30938,5200
TBK,9.8,92874,2800
TBNK,2.12,60053,1500
TBPH,0.35,53674,8600
TBRA,7.0,02488,2600
TCBI,6.04,82890,600
TCBIL,9.46,14253,1800
TCBIP,2.82,06368,1900
TCBIW,3.74,84485,4900
TCBK,3.86,40837,5000
TCCO,5.23,99853,400
TCFC,7.26,41300,6800
TCON,7.18,68625,600
TCPC,9.85,90258,2500
TCRD,0.84,89312,3100
TCX,2.34,71096,8600
TDIV,9.58,06758,9600
TEAR,4.56,66105,1400
TECD,9.02,44142,100
TECH,9.06,51303,6100
TECU,3.77,60859,1200
TEDU,4.93,29074,3600
TENX,9.71,37237,6500
TERP,4.29,60513,3900
TESO,1.46,68274,6700
TESS,4.69,60138,5800
TFM,1.34,12036,5500
TFSC,6.63,18177,3600
TFSCR,5.91,34123,5700
TFSCU,0.23,05911,6500
TFSCW,2.47,04835,300
TFSL,0.02,03022,4000
TGA,0.09,92067,4300
TGEN,3.1,06684,800
TGLS,5.84,86769,9600
TGTX,5.48,47934,6100
THFF,4.11,57883,8700
THLD,7.49,72381,5500
THOR,4.32,63811,8600
THRM,6.03,80152,5800
THRX,7.81,25564,7500
THST,6.69,73780,3900
THTI,1.37,10224,6800
TICC,6.37,53075,2900
TIGR,4.52,19224,3300
TIL,4.33,95685,2500
TILE,7.11,20181,3500
TINY,7.65,40037,4200
TIPT,6.15,53495,7400
TISA,1.79,77575,7900
TITN,7.27,99582,3700
TIVO,7.27,09127,5500
TKAI,6.89,64502,3100
TLF,1.99,14302,4000
TLMR,8.89,85648,4300
TLOG,2.45,91926,9800
TNAV,8.3,61108,8600
TNDM,3.89,03300,9500
TNGO,1.4,21869,4200
TNXP,9.7,99127,9400
TOPS,1.47,65612,400
TOR,1.64,70189,3100
TORM,0.69,56152,5100
TOUR,0.35,95898,3900
TOWN,0.15,24078,1100
TQQQ,0.42,65524,5000
TRAK,1.71,29840,8400
TRCB,0.62,86824,5400
TRCH,7.92,79438,3400
TREE,9.6,33139,600
TRIB,0.11,60813,4100
TRIL,9.38,99966,8900
TRIP,4.75,36112,1600
TRIV,8.02,25922,1300
TRMB,3.07,33899,8300
TRMK,7.74,47288,4100
TRNS,8.68,71549,7300
TRNX,3.56,95503,3600
TROV,3.56,29706,800
TROVU,0.3,48152,6800
TROVW,7.18,70054,9200
TROW,6.08,10935,2300
TRS,9.85,90263,6100
TRST,3.03,99328,5900
TRTL,1.83,17051,1200
TRTLU,4.05,29359,1200
TRTLW,1.42,64821,6400
TRUE,0.76,81534,2300
TRVN,9.23,03325,6900
TSBK,8.73,54306,3900
TSC,6.55,28276,5600
TSCO,3.37,75464,3400
TSEM,4.52,54771,6300
TSLA,8.46,85083,4800
TSRA,4.87,22057,9300
TSRE,2.69,12288,9800
TSRI,3.07,55179,1200
TSRO,8.51,29692,7800
TST,0.02,52661,300
TSYS,8.76,10421,900
TTEC,7.41,32649,8200
TTEK,5.05,25905,600
TTGT,8.31,50223,6300
TTHI,7.78,61265,1100
TTMI,6.69,30228,7000
TTOO,0.38,06873,2600
TTPH,1.65,65802,2400
TTS,3.8,66720,1200
TTWO,0.66,60379,3400
TUBE,3.35,22875,2700
TUES,1.76,22819,8100
TUSA,1.05,13494,3800
TUTI,5.49,95035,5300
TUTT,0.77,65057,5700
TVIX,8.08,26456,2300
TVIZ,5.02,22569,2300
TW,3.53,70369,2400
TWER,4.9,35176,5300
TWIN,5.83,95657,800
TWMC,7.42,14723,3200
TWOU,5.74,23990,3900
TXN,4.22,68640,2300
TXRH,1.81,39062,3900
TYPE,7.92,80826,7500
TZOO,9.64,75933,6100
UACL,0.02,46231,6100
UAE,4.5,65914,2000
UBCP,5.46,14846,4500
UBFO,3.37,20793,2400
UBIC,9.89,94796,1200
UBIO,3.99,06690,3100
UBND,4.84,79054,5700
UBNK,0.64,28338,900
UBNT,9.96,18244,2100
UBOH,9.21,96088,5100
UBSH,5.83,18152,5300
UBSI,3.1,66721,3000
UCBA,8.76,34802,9600
UCBI,8.51,29580,2100
UCFC,2.69,51447,4500
UCTT,0.58,54556,8700
UDF,2.84,61765,8600
UEIC,0.3,80437,8900
UEPS,9.22,85183,9400
UFCS,0.72,90900,7300
UFPI,1.1,42437,8700
UFPT,5.76,18239,4300
UG,1.75,64540,1600
UGLD,9.29,47115,1400
UHAL,8.84,88573,3700
UIHC,1.67,48506,300
UK,6.95,06214,1300
ULBI,8.83,00467,5100
ULTA,3.83,99320,8300
ULTI,4.96,79205,3100
ULTR,6.59,29547,2700
UMBF,7.45,15712,5500
UMPQ,0.66,05306,9400
UNAM,8.25,73199,1800
UNB,1.52,81637,4900
UNFI,2.71,96579,8000
UNIS,2.93,29534,9800
UNTD,5.74,49784,7600
UNTY,4.48,64123,5800
UNXL,4.6,38257,9900
UPIP,0.22,67851,8100
UPLD,2.28,55356,7700
URBN,4.7,02382,700
URRE,4.35,15498,3200
USAK,4.81,41026,2500
USAP,5.36,30678,7700
USAT,7.79,57478,500
USATP,9.28,10428,7200
USBI,8.4,27146,9600
USCR,6.59,08000,6600
USEG,7.73,92117,9000
USLM,7.96,35344,900
USLV,1.98,93732,4700
USMD,3.97,01261,2700
UTEK,0.07,07670,800
UTHR,9.81,57830,2900
UTIW,5.66,59684,6600
UTMD,1.14,24856,3500
UTSI,2.12,26480,400
UVSP,0.94,94630,400
VA,0.01,26402,3700
VALU,7.49,08474,7000
VALX,4.37,24336,8200
VASC,8.86,63980,1100
VBFC,1.95,66229,7700
VBIV,2.24,97210,500
VBLT,0.66,70933,3000
VBND,6.71,39791,5700
VBTX,3.27,36001,300
VCEL,6.85,08769,2800
VCIT,6.61,30958,5000
VCLT,1.17,07546,700
VCSH,3.29,18331,5600
VCYT,1.8,01134,4300
VDSI,5.86,14338,9300
VDTH,8.88,95781,6100
VECO,9.85,49664,7800
VGGL,0.82,65309,4200
VGIT,3.86,49728,5200
VGLT,8.16,42539,2800
VGSH,5.28,36149,5900
VIA,7.14,75100,2400
VIAB,7.19,72148,9500
VIAV,6.21,08759,9600
VICL,6.42,10760,6900
VICR,7.95,27287,7100
VIDI,8.58,14757,8900
VIIX,0.4,51341,9700
VIIZ,7.55,88447,7600
VIMC,4.45,68326,4300
VIP,5.76,93255,5500
VIRC,7.54,46403,8100
VIRT,8.39,74944,3900
VISN,9.6,07707,2700
VIVO,8.19,46347,7700
VKTX,8.47,69411,8400
VLGEA,2.5,90456,9200
VLTC,4.12,50141,4800
VMBS,0.37,57091,2900
VNDA,9.73,58273,5200
VNET,1.18,24613,3900
VNOM,1.91,17965,9100
VNQI,8.95,28137,9600
VNR,4.87,79440,6700
VNRAP,9.38,92439,2600
VNRBP,8.86,16476,5600
VNRCP,4.47,84023,4700
VOD,7.37,81046,1600
VONE,3.75,13961,100
VONG,8.52,57462,5700
VONV,4.72,44388,7900
VOXX,7.75,68283,9200
VPCO,8.86,78820,1900
VPCOU,9.52,48706,8200
VRA,6.51,09589,8500
VRML,2.14,00069,6300
VRNG,4.13,54494,100
VRNS,5.41,62855,8200
VRNT,6.28,82895,6600
VRSK,1.03,54021,4500
VRSN,8.33,89882,8200
VRTA,2.35,33526,9500
VRTB,8.55,70059,9400
VRTS,8.52,92013,7600
VRTU,9.42,97279,1000
VRTX,1.34,28042,1500
VSAR,8.49,73108,5300
VSAT,2.96,85187,8200
VSCP,7.61,06613,7900
VSEC,0.24,69422,1100
VSTM,6.27,00162,2400
VTAE,3.27,39845,500
VTHR,7.34,74010,4600
VTIP,0.32,44875,8900
VTL,7.69,74544,7300
VTNR,6.62,60300,900
VTVT,3.97,16336,1400
VTWG,7.98,56448,4600
VTWO,3.13,51072,900
VTWV,1.69,07912,3900
VUSE,6.8,78935,9600
VUZI,8.65,01613,6600
VVUS,0.31,48486,700
VWOB,8.0,52204,4200
VWR,0.87,21678,3200
VXDN,9.83,01494,8300
VXUP,2.06,17277,1700
VXUS,8.93,74677,7000
WABC,6.6,27079,5800
WAFD,4.01,40830,9100
WAFDW,2.64,22377,1000
WASH,9.56,56825,1200
WATT,5.71,13542,8100
WAVX,3.21,93992,8000
WAYN,7.98,83439,2500
WB,7.51,46672,4800
WBA,6.09,09738,5200
WBB,6.72,69802,8300
WBKC,3.47,65408,8300
WBMD,6.69,41056,5700
WDC,5.42,47801,3300
WDFC,9.28,80510,3600
WEBK,9.7,26232,7400
WEN,2.15,12371,4900
WERN,8.76,59813,2100
WETF,2.75,59780,4100
WEYS,9.77,57722,4500
WFBI,1.75,78783,4900
WFD,7.83,23240,2900
WFM,1.27,51968,2000
WGBS,7.09,36407,7800
WHF,1.57,79603,5000
WHFBL,2.55,71124,4000
WHLM,7.02,53057,800
WHLR,7.33,91587,400
WHLRP,2.71,32975,8400
WHLRW,3.44,51024,5700
WIBC,2.46,21432,7800
WIFI,3.3,84203,6600
WILC,0.27,37161,1100
WILN,6.03,41593,2700
WIN,3.69,86025,1800
WINA,9.39,13788,4300
WING,5.49,15035,4800
WIRE,7.09,31790,6400
WIX,5.94,65601,5100
WLB,0.24,86658,4200
WLDN,8.64,27462,3100
WLFC,3.73,22542,4300
WLRH,8.13,30935,2100
WLRHU,7.57,21807,1000
WLRHW,5.31,20492,7200
WMAR,2.75,10299,6700
WMGI,1.37,57886,6500
WMGIZ,7.34,42810,100
WOOD,0.41,53442,9400
WOOF,8.84,94200,4400
WOWO,4.7,40315,8100
WPCS,6.81,65231,8100
WPPGY,8.04,75493,3700
WPRT,6.74,61507,6300
WRES,6.13,58990,5800
WRLD,4.46,79341,700
WSBC,7.12,18311,400
WSBF,7.92,96103,2700
WSCI,3.36,47571,8200
WSFS,1.39,75149,3800
WSFSL,3.28,03103,3800
WSTC,5.63,58059,2000
WSTG,7.66,67358,2600
WSTL,0.53,64024,8500
WTBA,7.35,84032,7100
WTFC,5.89,34235,5200
WTFCM,0.11,96399,7700
WTFCW,0.17,56363,4500
WVFC,7.56,38188,3100
WVVI,1.95,79515,500
WWD,3.38,97222,4400
WWWW,3.93,81458,1700
WYIGU,5.87,19340,5500
WYNN,8.85,35549,5400
XBIT,8.4,96439,900
XBKS,7.94,66995,500
XCRA,4.84,69932,4800
XELB,9.34,97379,8800
XENE,6.55,04366,9600
XENT,0.17,90870,5000
XGTI,5.55,00931,7700
XGTIW,3.53,21533,1000
XIV,4.67,36622,5500
XLNX,7.5,86442,1800
XLRN,1.63,97490,4600
XNCR,9.87,05151,3600
XNET,3.96,52056,8600
XNPT,0.89,18100,8000
XOMA,9.67,09679,1100
XONE,5.44,13473,600
XOOM,5.85,39880,1600
XPLR,4.64,25132,8800
XRAY,3.59,73105,900
XTLB,6.14,44854,7800
XXIA,2.05,31092,8700
YCB,9.62,71552,4100
YDIV,6.67,52995,4800
YDLE,5.42,79367,3300
YECO,6.97,87984,9600
YHOO,2.46,27038,6000
YLCO,4.15,99821,4000
YNDX,6.57,99684,7200
YOD,8.06,58552,5400
YORW,0.21,85391,6600
YPRO,6.91,43360,1200
YRCW,2.46,31849,5600
YY,5.41,06410,900
Z,5.19,98232,5900
ZAGG,2.22,57312,4900
ZAIS,5.29,59983,8700
ZAZA,0.45,17014,8800
ZBIO,3.53,94480,6800
ZBRA,9.34,45349,3600
ZEUS,4.08,44828,6700
ZFGN,8.95,35416,3900
ZG,5.31,23236,7800
ZGNX,8.79,88927,1300
ZHNE,4.31,24011,2000
ZINC,9.46,80582,7100
ZION,9.76,59332,7100
ZIONW,1.42,45586,7800
ZIONZ,6.75,74344,6900
ZIOP,0.38,13124,9100
ZIV,4.87,47608,8200
ZIXI,3.68,19879,4200
ZJZZT,9.08,35263,9700
ZLTQ,6.95,40280,8900
ZN,8.3,17682,6900
ZNGA,9.72,14822,300
ZNWAA,8.11,81214,8700
ZSAN,1.12,66220,1500
ZSPH,6.86,56190,3200
ZU,6.41,73592,3000
ZUMZ,3.55,63825,1000
ZVZZT,9.45,35884,2500
ZWZZT,3.61,63667,3100
ZXYZ.A,8.53,87933,9100
ZXZZT,0.04,50678,4500
ZYNE,0.95,47878,9600
